일시,province,시군구명칭,약품구분,예측수량,학습모델,학습방법
2026-01,서울,강남구,해열진통소염제,7732099.97359695,릿지회귀,배깅
2026-01,서울,강동구,해열진통소염제,6233011.545459686,릿지회귀,배깅
2026-01,서울,강북구,해열진통소염제,2463297.1584957894,릿지회귀,배깅
2026-01,서울,강서구,해열진통소염제,5000031.90021413,릿지회귀,배깅
2026-01,서울,관악구,해열진통소염제,3040750.781712535,릿지회귀,배깅
2026-01,서울,광진구,해열진통소염제,2909551.074740159,릿지회귀,배깅
2026-01,서울,구로구,해열진통소염제,3529799.080992529,릿지회귀,배깅
2026-01,서울,금천구,해열진통소염제,1961623.7534657463,릿지회귀,배깅
2026-01,서울,노원구,해열진통소염제,4307832.170051633,릿지회귀,배깅
2026-01,서울,도봉구,해열진통소염제,2195971.6716492977,릿지회귀,배깅
2026-01,서울,동대문구,해열진통소염제,3671364.8129833736,릿지회귀,배깅
2026-01,서울,동작구,해열진통소염제,3184894.687901149,릿지회귀,배깅
2026-01,서울,마포구,해열진통소염제,2378135.3225096664,릿지회귀,배깅
2026-01,서울,서대문구,해열진통소염제,2725097.6102962266,릿지회귀,배깅
2026-01,서울,서초구,해열진통소염제,4601527.221184525,릿지회귀,배깅
2026-01,서울,성동구,해열진통소염제,2570184.4195893924,릿지회귀,배깅
2026-01,서울,성북구,해열진통소염제,3301732.620021976,릿지회귀,배깅
2026-01,서울,송파구,해열진통소염제,5912810.185264858,릿지회귀,배깅
2026-01,서울,양천구,해열진통소염제,3472672.8263955475,릿지회귀,배깅
2026-01,서울,영등포구,해열진통소염제,4308792.018111283,릿지회귀,배깅
2026-01,서울,용산구,해열진통소염제,1288384.1168194816,릿지회귀,배깅
2026-01,서울,은평구,해열진통소염제,4047040.75914836,릿지회귀,배깅
2026-01,서울,종로구,해열진통소염제,3115893.659042892,릿지회귀,배깅
2026-01,서울,중구,해열진통소염제,1673232.2444373209,릿지회귀,배깅
2026-01,서울,중랑구,해열진통소염제,3271847.3200547597,릿지회귀,배깅
2026-01,서울,강남구,진해거담제,4798128.963146819,릿지회귀,배깅
2026-01,서울,강동구,진해거담제,4602285.237284412,릿지회귀,배깅
2026-01,서울,강북구,진해거담제,1835952.1816885176,릿지회귀,배깅
2026-01,서울,강서구,진해거담제,4104772.9485495305,릿지회귀,배깅
2026-01,서울,관악구,진해거담제,2406882.894782166,릿지회귀,배깅
2026-01,서울,광진구,진해거담제,1980355.1011920928,릿지회귀,배깅
2026-01,서울,구로구,진해거담제,3495132.814388679,릿지회귀,배깅
2026-01,서울,금천구,진해거담제,1559100.580733292,릿지회귀,배깅
2026-01,서울,노원구,진해거담제,3433845.633345832,릿지회귀,배깅
2026-01,서울,도봉구,진해거담제,1839433.3119108956,릿지회귀,배깅
2026-01,서울,동대문구,진해거담제,2613220.862971192,릿지회귀,배깅
2026-01,서울,동작구,진해거담제,2781904.63508866,릿지회귀,배깅
2026-01,서울,마포구,진해거담제,2527649.2366180187,릿지회귀,배깅
2026-01,서울,서대문구,진해거담제,2504895.731919543,릿지회귀,배깅
2026-01,서울,서초구,진해거담제,3118372.3138628826,릿지회귀,배깅
2026-01,서울,성동구,진해거담제,2119309.4575556195,릿지회귀,배깅
2026-01,서울,성북구,진해거담제,3482196.625765624,릿지회귀,배깅
2026-01,서울,송파구,진해거담제,4918501.121239984,릿지회귀,배깅
2026-01,서울,양천구,진해거담제,2957427.9703600705,릿지회귀,배깅
2026-01,서울,영등포구,진해거담제,3347133.727244568,릿지회귀,배깅
2026-01,서울,용산구,진해거담제,882396.2201344105,릿지회귀,배깅
2026-01,서울,은평구,진해거담제,3103407.509304433,릿지회귀,배깅
2026-01,서울,종로구,진해거담제,1654643.3988724763,릿지회귀,배깅
2026-01,서울,중구,진해거담제,1200583.2124711575,릿지회귀,배깅
2026-01,서울,중랑구,진해거담제,2760732.3799475264,릿지회귀,배깅
2026-01,서울,강남구,항히스타민제,2504341.304256293,릿지회귀,배깅
2026-01,서울,강동구,항히스타민제,1980393.055236854,릿지회귀,배깅
2026-01,서울,강북구,항히스타민제,639593.9145641377,릿지회귀,배깅
2026-01,서울,강서구,항히스타민제,2092001.015865908,릿지회귀,배깅
2026-01,서울,관악구,항히스타민제,1039303.3027110584,릿지회귀,배깅
2026-01,서울,광진구,항히스타민제,865864.0348959564,릿지회귀,배깅
2026-01,서울,구로구,항히스타민제,1310998.4318818178,릿지회귀,배깅
2026-01,서울,금천구,항히스타민제,464699.32967224094,릿지회귀,배깅
2026-01,서울,노원구,항히스타민제,1780345.2965646696,릿지회귀,배깅
2026-01,서울,도봉구,항히스타민제,840932.3594785341,릿지회귀,배깅
2026-01,서울,동대문구,항히스타민제,1302706.0034362276,릿지회귀,배깅
2026-01,서울,동작구,항히스타민제,1007941.0083251118,릿지회귀,배깅
2026-01,서울,마포구,항히스타민제,1206531.4885157277,릿지회귀,배깅
2026-01,서울,서대문구,항히스타민제,930886.2021999452,릿지회귀,배깅
2026-01,서울,서초구,항히스타민제,1389069.5459583472,릿지회귀,배깅
2026-01,서울,성동구,항히스타민제,778676.041594846,릿지회귀,배깅
2026-01,서울,성북구,항히스타민제,1324535.1393086398,릿지회귀,배깅
2026-01,서울,송파구,항히스타민제,2680535.723127793,릿지회귀,배깅
2026-01,서울,양천구,항히스타민제,1329220.132807014,릿지회귀,배깅
2026-01,서울,영등포구,항히스타민제,1548761.1323687164,릿지회귀,배깅
2026-01,서울,용산구,항히스타민제,423667.1862564325,릿지회귀,배깅
2026-01,서울,은평구,항히스타민제,1448265.3688078462,릿지회귀,배깅
2026-01,서울,종로구,항히스타민제,690094.1301734268,릿지회귀,배깅
2026-01,서울,중구,항히스타민제,339977.5997744281,릿지회귀,배깅
2026-01,서울,중랑구,항히스타민제,1112658.602242553,릿지회귀,배깅
2026-02,서울,강남구,해열진통소염제,7425024.800567134,릿지회귀,배깅
2026-02,서울,강동구,해열진통소염제,5950295.10606377,릿지회귀,배깅
2026-02,서울,강북구,해열진통소염제,2194917.8674680376,릿지회귀,배깅
2026-02,서울,강서구,해열진통소염제,4673896.30509473,릿지회귀,배깅
2026-02,서울,관악구,해열진통소염제,2791177.1471410296,릿지회귀,배깅
2026-02,서울,광진구,해열진통소염제,2627375.879572885,릿지회귀,배깅
2026-02,서울,구로구,해열진통소염제,3259342.0737094795,릿지회귀,배깅
2026-02,서울,금천구,해열진통소염제,1736322.4142168302,릿지회귀,배깅
2026-02,서울,노원구,해열진통소염제,3950586.7617353857,릿지회귀,배깅
2026-02,서울,도봉구,해열진통소염제,1936145.7240793344,릿지회귀,배깅
2026-02,서울,동대문구,해열진통소염제,3412045.8676690045,릿지회귀,배깅
2026-02,서울,동작구,해열진통소염제,2906504.909407817,릿지회귀,배깅
2026-02,서울,마포구,해열진통소염제,2061880.917337817,릿지회귀,배깅
2026-02,서울,서대문구,해열진통소염제,2444621.078518616,릿지회귀,배깅
2026-02,서울,서초구,해열진통소염제,4285463.614719988,릿지회귀,배깅
2026-02,서울,성동구,해열진통소염제,2308426.631205698,릿지회귀,배깅
2026-02,서울,성북구,해열진통소염제,2973419.129100332,릿지회귀,배깅
2026-02,서울,송파구,해열진통소염제,5576943.225057823,릿지회귀,배깅
2026-02,서울,양천구,해열진통소염제,3172630.2459839354,릿지회귀,배깅
2026-02,서울,영등포구,해열진통소염제,4012351.868050512,릿지회귀,배깅
2026-02,서울,용산구,해열진통소염제,1042744.2614748176,릿지회귀,배깅
2026-02,서울,은평구,해열진통소염제,3751622.26173108,릿지회귀,배깅
2026-02,서울,종로구,해열진통소염제,2832781.5478616464,릿지회귀,배깅
2026-02,서울,중구,해열진통소염제,1397974.5939170078,릿지회귀,배깅
2026-02,서울,중랑구,해열진통소염제,3027326.7392725185,릿지회귀,배깅
2026-02,서울,강남구,진해거담제,4216911.200618952,릿지회귀,배깅
2026-02,서울,강동구,진해거담제,4093727.068020288,릿지회귀,배깅
2026-02,서울,강북구,진해거담제,1468285.0656477092,릿지회귀,배깅
2026-02,서울,강서구,진해거담제,3542999.864206215,릿지회귀,배깅
2026-02,서울,관악구,진해거담제,2029714.9665818985,릿지회귀,배깅
2026-02,서울,광진구,진해거담제,1636081.7456050203,릿지회귀,배깅
2026-02,서울,구로구,진해거담제,3063762.076919877,릿지회귀,배깅
2026-02,서울,금천구,진해거담제,1244559.2260064415,릿지회귀,배깅
2026-02,서울,노원구,진해거담제,2882482.896584268,릿지회귀,배깅
2026-02,서울,도봉구,진해거담제,1480304.2175889509,릿지회귀,배깅
2026-02,서울,동대문구,진해거담제,2249536.2319080504,릿지회귀,배깅
2026-02,서울,동작구,진해거담제,2386604.4474868006,릿지회귀,배깅
2026-02,서울,마포구,진해거담제,2038752.525531755,릿지회귀,배깅
2026-02,서울,서대문구,진해거담제,2055201.0323864392,릿지회귀,배깅
2026-02,서울,서초구,진해거담제,2632842.119764137,릿지회귀,배깅
2026-02,서울,성동구,진해거담제,1736272.1828040702,릿지회귀,배깅
2026-02,서울,성북구,진해거담제,2938920.545946978,릿지회귀,배깅
2026-02,서울,송파구,진해거담제,4297435.218805893,릿지회귀,배깅
2026-02,서울,양천구,진해거담제,2520715.47073948,릿지회귀,배깅
2026-02,서울,영등포구,진해거담제,2875807.649291289,릿지회귀,배깅
2026-02,서울,용산구,진해거담제,576775.8095194257,릿지회귀,배깅
2026-02,서울,은평구,진해거담제,2653306.4292290225,릿지회귀,배깅
2026-02,서울,종로구,진해거담제,1368531.9240979557,릿지회귀,배깅
2026-02,서울,중구,진해거담제,878672.7387328694,릿지회귀,배깅
2026-02,서울,중랑구,진해거담제,2371437.1524063046,릿지회귀,배깅
2026-02,서울,강남구,항히스타민제,2217823.485323292,릿지회귀,배깅
2026-02,서울,강동구,항히스타민제,1742072.4591725792,릿지회귀,배깅
2026-02,서울,강북구,항히스타민제,425340.2539456206,릿지회귀,배깅
2026-02,서울,강서구,항히스타민제,1799303.445411031,릿지회귀,배깅
2026-02,서울,관악구,항히스타민제,817890.2608950972,릿지회귀,배깅
2026-02,서울,광진구,항히스타민제,639220.9812054553,릿지회귀,배깅
2026-02,서울,구로구,항히스타민제,1092880.4800946491,릿지회귀,배깅
2026-02,서울,금천구,항히스타민제,253703.4389303701,릿지회귀,배깅
2026-02,서울,노원구,항히스타민제,1475833.246777714,릿지회귀,배깅
2026-02,서울,도봉구,항히스타민제,616458.2946167664,릿지회귀,배깅
2026-02,서울,동대문구,항히스타민제,1080906.078001446,릿지회귀,배깅
2026-02,서울,동작구,항히스타민제,789762.5591185391,릿지회귀,배깅
2026-02,서울,마포구,항히스타민제,948251.5942797444,릿지회귀,배깅
2026-02,서울,서대문구,항히스타민제,723566.2825172833,릿지회귀,배깅
2026-02,서울,서초구,항히스타민제,1124496.7967803248,릿지회귀,배깅
2026-02,서울,성동구,항히스타민제,540521.5257117439,릿지회귀,배깅
2026-02,서울,성북구,항히스타민제,1063196.0606439405,릿지회귀,배깅
2026-02,서울,송파구,항히스타민제,2358734.6768802945,릿지회귀,배깅
2026-02,서울,양천구,항히스타민제,1101843.218888435,릿지회귀,배깅
2026-02,서울,영등포구,항히스타민제,1297087.7505545202,릿지회귀,배깅
2026-02,서울,용산구,항히스타민제,197883.7163471753,릿지회귀,배깅
2026-02,서울,은평구,항히스타민제,1187342.806062081,릿지회귀,배깅
2026-02,서울,종로구,항히스타민제,467609.73153726594,릿지회귀,배깅
2026-02,서울,중구,항히스타민제,126189.82634844429,릿지회귀,배깅
2026-02,서울,중랑구,항히스타민제,889756.1807050093,릿지회귀,배깅
2026-03,서울,강남구,해열진통소염제,7903879.849020431,릿지회귀,배깅
2026-03,서울,강동구,해열진통소염제,6391702.902709926,릿지회귀,배깅
2026-03,서울,강북구,해열진통소염제,2583869.152788511,릿지회귀,배깅
2026-03,서울,강서구,해열진통소염제,5100615.006405194,릿지회귀,배깅
2026-03,서울,관악구,해열진통소염제,3217843.035124314,릿지회귀,배깅
2026-03,서울,광진구,해열진통소염제,3037826.8393758466,릿지회귀,배깅
2026-03,서울,구로구,해열진통소염제,3693817.7206536992,릿지회귀,배깅
2026-03,서울,금천구,해열진통소염제,2140825.719986976,릿지회귀,배깅
2026-03,서울,노원구,해열진통소염제,4354810.935881004,릿지회귀,배깅
2026-03,서울,도봉구,해열진통소염제,2333079.0336661134,릿지회귀,배깅
2026-03,서울,동대문구,해열진통소염제,3834793.274080609,릿지회귀,배깅
2026-03,서울,동작구,해열진통소염제,3326992.698365338,릿지회귀,배깅
2026-03,서울,마포구,해열진통소염제,2469007.7821841976,릿지회귀,배깅
2026-03,서울,서대문구,해열진통소염제,2832000.468507138,릿지회귀,배깅
2026-03,서울,서초구,해열진통소염제,4724736.208877863,릿지회귀,배깅
2026-03,서울,성동구,해열진통소염제,2716703.3752881046,릿지회귀,배깅
2026-03,서울,성북구,해열진통소염제,3374897.105962088,릿지회귀,배깅
2026-03,서울,송파구,해열진통소염제,6061037.193146585,릿지회귀,배깅
2026-03,서울,양천구,해열진통소염제,3608329.125276297,릿지회귀,배깅
2026-03,서울,영등포구,해열진통소염제,4438039.532137633,릿지회귀,배깅
2026-03,서울,용산구,해열진통소염제,1430044.5565435633,릿지회귀,배깅
2026-03,서울,은평구,해열진통소염제,4153958.716299781,릿지회귀,배깅
2026-03,서울,종로구,해열진통소염제,3211836.998266493,릿지회귀,배깅
2026-03,서울,중구,해열진통소염제,1770384.3183926782,릿지회귀,배깅
2026-03,서울,중랑구,해열진통소염제,3435544.2620970747,릿지회귀,배깅
2026-03,서울,강남구,진해거담제,4720998.249349182,릿지회귀,배깅
2026-03,서울,강동구,진해거담제,4608304.259880034,릿지회귀,배깅
2026-03,서울,강북구,진해거담제,1846562.503080407,릿지회귀,배깅
2026-03,서울,강서구,진해거담제,3996887.764267957,릿지회귀,배깅
2026-03,서울,관악구,진해거담제,2462841.8392815264,릿지회귀,배깅
2026-03,서울,광진구,진해거담제,2051506.300123631,릿지회귀,배깅
2026-03,서울,구로구,진해거담제,3535865.682086769,릿지회귀,배깅
2026-03,서울,금천구,진해거담제,1659266.94548738,릿지회귀,배깅
2026-03,서울,노원구,진해거담제,3308151.041788448,릿지회귀,배깅
2026-03,서울,도봉구,진해거담제,1887538.921478313,릿지회귀,배깅
2026-03,서울,동대문구,진해거담제,2671333.205981296,릿지회귀,배깅
2026-03,서울,동작구,진해거담제,2816037.5937963296,릿지회귀,배깅
2026-03,서울,마포구,진해거담제,2461923.775372071,릿지회귀,배깅
2026-03,서울,서대문구,진해거담제,2442563.044746538,릿지회귀,배깅
2026-03,서울,서초구,진해거담제,3107540.5594347296,릿지회귀,배깅
2026-03,서울,성동구,진해거담제,2163372.9607459405,릿지회귀,배깅
2026-03,서울,성북구,진해거담제,3393611.314453346,릿지회귀,배깅
2026-03,서울,송파구,진해거담제,4785317.200449488,릿지회귀,배깅
2026-03,서울,양천구,진해거담제,2986190.204006489,릿지회귀,배깅
2026-03,서울,영등포구,진해거담제,3310394.8732360126,릿지회귀,배깅
2026-03,서울,용산구,진해거담제,950519.7230987562,릿지회귀,배깅
2026-03,서울,은평구,진해거담제,3069414.43276268,릿지회귀,배깅
2026-03,서울,종로구,진해거담제,1752355.340510934,릿지회귀,배깅
2026-03,서울,중구,진해거담제,1246695.5734059073,릿지회귀,배깅
2026-03,서울,중랑구,진해거담제,2797140.413365724,릿지회귀,배깅
2026-03,서울,강남구,항히스타민제,2738690.536897152,릿지회귀,배깅
2026-03,서울,강동구,항히스타민제,2257813.0227614776,릿지회귀,배깅
2026-03,서울,강북구,항히스타민제,853005.8527378509,릿지회귀,배깅
2026-03,서울,강서구,항히스타민제,2297599.690182192,릿지회귀,배깅
2026-03,서울,관악구,항히스타민제,1263421.965496733,릿지회귀,배깅
2026-03,서울,광진구,항히스타민제,1070882.855652377,릿지회귀,배깅
2026-03,서울,구로구,항히스타민제,1568716.0700971514,릿지회귀,배깅
2026-03,서울,금천구,항히스타민제,664704.0398560131,릿지회귀,배깅
2026-03,서울,노원구,항히스타민제,1937661.1921907696,릿지회귀,배깅
2026-03,서울,도봉구,항히스타민제,1054408.0590414954,릿지회귀,배깅
2026-03,서울,동대문구,항히스타민제,1550427.531860058,릿지회귀,배깅
2026-03,서울,동작구,항히스타민제,1216581.5530793702,릿지회귀,배깅
2026-03,서울,마포구,항히스타민제,1405374.8566982383,릿지회귀,배깅
2026-03,서울,서대문구,항히스타민제,1152258.0154784033,릿지회귀,배깅
2026-03,서울,서초구,항히스타민제,1598116.5918902403,릿지회귀,배깅
2026-03,서울,성동구,항히스타민제,966336.3111774313,릿지회귀,배깅
2026-03,서울,성북구,항히스타민제,1520432.2171656946,릿지회귀,배깅
2026-03,서울,송파구,항히스타민제,2878186.823174522,릿지회귀,배깅
2026-03,서울,양천구,항히스타민제,1579029.4222087923,릿지회귀,배깅
2026-03,서울,영등포구,항히스타민제,1761293.3745095546,릿지회귀,배깅
2026-03,서울,용산구,항히스타민제,599709.8664462289,릿지회귀,배깅
2026-03,서울,은평구,항히스타민제,1642873.138608802,릿지회귀,배깅
2026-03,서울,종로구,항히스타민제,862163.8936809892,릿지회귀,배깅
2026-03,서울,중구,항히스타민제,526844.9406283847,릿지회귀,배깅
2026-03,서울,중랑구,항히스타민제,1338347.50706419,릿지회귀,배깅
2026-04,서울,강남구,해열진통소염제,8049018.313121367,릿지회귀,배깅
2026-04,서울,강동구,해열진통소염제,6506258.28998527,릿지회귀,배깅
2026-04,서울,강북구,해열진통소염제,2620120.353353225,릿지회귀,배깅
2026-04,서울,강서구,해열진통소염제,5193133.493839999,릿지회귀,배깅
2026-04,서울,관악구,해열진통소염제,3267291.9006426088,릿지회귀,배깅
2026-04,서울,광진구,해열진통소염제,3106458.925778789,릿지회귀,배깅
2026-04,서울,구로구,해열진통소염제,3775570.751578952,릿지회귀,배깅
2026-04,서울,금천구,해열진통소염제,2177851.121494315,릿지회귀,배깅
2026-04,서울,노원구,해열진통소염제,4448371.055654717,릿지회귀,배깅
2026-04,서울,도봉구,해열진통소염제,2363863.639571314,릿지회귀,배깅
2026-04,서울,동대문구,해열진통소염제,3908896.9045918384,릿지회귀,배깅
2026-04,서울,동작구,해열진통소염제,3398394.136752933,릿지회귀,배깅
2026-04,서울,마포구,해열진통소염제,2535611.783783732,릿지회귀,배깅
2026-04,서울,서대문구,해열진통소염제,2881339.180126903,릿지회귀,배깅
2026-04,서울,서초구,해열진통소염제,4814026.930327099,릿지회귀,배깅
2026-04,서울,성동구,해열진통소염제,2773165.9223122504,릿지회귀,배깅
2026-04,서울,성북구,해열진통소염제,3430850.3560728948,릿지회귀,배깅
2026-04,서울,송파구,해열진통소염제,6223735.233127059,릿지회귀,배깅
2026-04,서울,양천구,해열진통소염제,3694837.0329888538,릿지회귀,배깅
2026-04,서울,영등포구,해열진통소염제,4522211.541705505,릿지회귀,배깅
2026-04,서울,용산구,해열진통소염제,1454903.9545642375,릿지회귀,배깅
2026-04,서울,은평구,해열진통소염제,4224634.41890313,릿지회귀,배깅
2026-04,서울,종로구,해열진통소염제,3248891.8320452524,릿지회귀,배깅
2026-04,서울,중구,해열진통소염제,1805589.3842551631,릿지회귀,배깅
2026-04,서울,중랑구,해열진통소염제,3484186.630016645,릿지회귀,배깅
2026-04,서울,강남구,진해거담제,5028174.188472111,릿지회귀,배깅
2026-04,서울,강동구,진해거담제,4893491.144140246,릿지회귀,배깅
2026-04,서울,강북구,진해거담제,1931217.7936139144,릿지회귀,배깅
2026-04,서울,강서구,진해거담제,4235174.471115654,릿지회귀,배깅
2026-04,서울,관악구,진해거담제,2593946.704087342,릿지회귀,배깅
2026-04,서울,광진구,진해거담제,2185674.855340109,릿지회귀,배깅
2026-04,서울,구로구,진해거담제,3741502.350791969,릿지회귀,배깅
2026-04,서울,금천구,진해거담제,1749766.3587745214,릿지회귀,배깅
2026-04,서울,노원구,진해거담제,3516933.1259649894,릿지회귀,배깅
2026-04,서울,도봉구,진해거담제,1995996.9991973876,릿지회귀,배깅
2026-04,서울,동대문구,진해거담제,2813018.6442415537,릿지회귀,배깅
2026-04,서울,동작구,진해거담제,2956168.2005634718,릿지회귀,배깅
2026-04,서울,마포구,진해거담제,2641250.7022576835,릿지회귀,배깅
2026-04,서울,서대문구,진해거담제,2564285.095396561,릿지회귀,배깅
2026-04,서울,서초구,진해거담제,3330335.3890163903,릿지회귀,배깅
2026-04,서울,성동구,진해거담제,2300273.2565175514,릿지회귀,배깅
2026-04,서울,성북구,진해거담제,3628337.756952005,릿지회귀,배깅
2026-04,서울,송파구,진해거담제,5116627.15591972,릿지회귀,배깅
2026-04,서울,양천구,진해거담제,3192000.038412853,릿지회귀,배깅
2026-04,서울,영등포구,진해거담제,3503655.4357829094,릿지회귀,배깅
2026-04,서울,용산구,진해거담제,996641.4316568852,릿지회귀,배깅
2026-04,서울,은평구,진해거담제,3236311.745807572,릿지회귀,배깅
2026-04,서울,종로구,진해거담제,1808387.8344277148,릿지회귀,배깅
2026-04,서울,중구,진해거담제,1307091.3084050894,릿지회귀,배깅
2026-04,서울,중랑구,진해거담제,2944208.559668753,릿지회귀,배깅
2026-04,서울,강남구,항히스타민제,2930170.957278585,릿지회귀,배깅
2026-04,서울,강동구,항히스타민제,2399383.989400861,릿지회귀,배깅
2026-04,서울,강북구,항히스타민제,906229.5182486114,릿지회귀,배깅
2026-04,서울,강서구,항히스타민제,2436774.166245965,릿지회귀,배깅
2026-04,서울,관악구,항히스타민제,1340370.659608592,릿지회귀,배깅
2026-04,서울,광진구,항히스타민제,1142621.3168527964,릿지회귀,배깅
2026-04,서울,구로구,항히스타민제,1657021.4378484427,릿지회귀,배깅
2026-04,서울,금천구,항히스타민제,705015.126370669,릿지회귀,배깅
2026-04,서울,노원구,항히스타민제,2068169.4570019476,릿지회귀,배깅
2026-04,서울,도봉구,항히스타민제,1123539.8318968692,릿지회귀,배깅
2026-04,서울,동대문구,항히스타민제,1649753.9788948395,릿지회귀,배깅
2026-04,서울,동작구,항히스타민제,1278183.1891966956,릿지회귀,배깅
2026-04,서울,마포구,항히스타민제,1497963.9649224284,릿지회귀,배깅
2026-04,서울,서대문구,항히스타민제,1203125.5371956236,릿지회귀,배깅
2026-04,서울,서초구,항히스타민제,1723555.7435621077,릿지회귀,배깅
2026-04,서울,성동구,항히스타민제,1026037.0911567914,릿지회귀,배깅
2026-04,서울,성북구,항히스타민제,1621487.3121156986,릿지회귀,배깅
2026-04,서울,송파구,항히스타민제,3082431.632417943,릿지회귀,배깅
2026-04,서울,양천구,항히스타민제,1685639.3866151075,릿지회귀,배깅
2026-04,서울,영등포구,항히스타민제,1869903.208823052,릿지회귀,배깅
2026-04,서울,용산구,항히스타민제,634874.9701181512,릿지회귀,배깅
2026-04,서울,은평구,항히스타민제,1739833.5692435685,릿지회귀,배깅
2026-04,서울,종로구,항히스타민제,896667.8664995161,릿지회귀,배깅
2026-04,서울,중구,항히스타민제,556284.9754877349,릿지회귀,배깅
2026-04,서울,중랑구,항히스타민제,1421519.8528571955,릿지회귀,배깅
2026-05,서울,강남구,해열진통소염제,7842194.843332185,릿지회귀,배깅
2026-05,서울,강동구,해열진통소염제,6311622.707477391,릿지회귀,배깅
2026-05,서울,강북구,해열진통소염제,2386819.0546100736,릿지회귀,배깅
2026-05,서울,강서구,해열진통소염제,4986977.449905894,릿지회귀,배깅
2026-05,서울,관악구,해열진통소염제,3030194.7792201736,릿지회귀,배깅
2026-05,서울,광진구,해열진통소염제,2877151.1924199453,릿지회귀,배깅
2026-05,서울,구로구,해열진통소염제,3546613.909869051,릿지회귀,배깅
2026-05,서울,금천구,해열진통소염제,1929257.277884376,릿지회귀,배깅
2026-05,서울,노원구,해열진통소염제,4236411.529503328,릿지회귀,배깅
2026-05,서울,도봉구,해열진통소염제,2122408.47911609,릿지회귀,배깅
2026-05,서울,동대문구,해열진통소염제,3670880.458553549,릿지회귀,배깅
2026-05,서울,동작구,해열진통소염제,3155978.481451105,릿지회귀,배깅
2026-05,서울,마포구,해열진통소염제,2303537.559727931,릿지회귀,배깅
2026-05,서울,서대문구,해열진통소염제,2642160.7056278978,릿지회귀,배깅
2026-05,서울,서초구,해열진통소염제,4579502.127695557,릿지회귀,배깅
2026-05,서울,성동구,해열진통소염제,2525355.9701832226,릿지회귀,배깅
2026-05,서울,성북구,해열진통소염제,3198435.83188554,릿지회귀,배깅
2026-05,서울,송파구,해열진통소염제,6005273.021209348,릿지회귀,배깅
2026-05,서울,양천구,해열진통소염제,3479465.6775003886,릿지회귀,배깅
2026-05,서울,영등포구,해열진통소염제,4301916.595727587,릿지회귀,배깅
2026-05,서울,용산구,해열진통소염제,1202165.534778176,릿지회귀,배깅
2026-05,서울,은평구,해열진통소염제,3992491.321719105,릿지회귀,배깅
2026-05,서울,종로구,해열진통소염제,2997114.384390648,릿지회귀,배깅
2026-05,서울,중구,해열진통소염제,1552593.0788503182,릿지회귀,배깅
2026-05,서울,중랑구,해열진통소염제,3242594.669388501,릿지회귀,배깅
2026-05,서울,강남구,진해거담제,4858676.894267791,릿지회귀,배깅
2026-05,서울,강동구,진해거담제,4725952.194751305,릿지회귀,배깅
2026-05,서울,강북구,진해거담제,1709237.596374201,릿지회귀,배깅
2026-05,서울,강서구,진해거담제,4044476.171625584,릿지회귀,배깅
2026-05,서울,관악구,진해거담제,2376270.983007211,릿지회귀,배깅
2026-05,서울,광진구,진해거담제,1966496.209962295,릿지회귀,배깅
2026-05,서울,구로구,진해거담제,3540750.9497738704,릿지회귀,배깅
2026-05,서울,금천구,진해거담제,1513662.3735268146,릿지회귀,배깅
2026-05,서울,노원구,진해거담제,3340587.736133617,릿지회귀,배깅
2026-05,서울,도봉구,진해거담제,1776424.8486142803,릿지회귀,배깅
2026-05,서울,동대문구,진해거담제,2576988.316224395,릿지회귀,배깅
2026-05,서울,동작구,진해거담제,2736869.9225749425,릿지회귀,배깅
2026-05,서울,마포구,진해거담제,2449598.8048563446,릿지회귀,배깅
2026-05,서울,서대문구,진해거담제,2353170.29391396,릿지회귀,배깅
2026-05,서울,서초구,진해거담제,3119256.81886591,릿지회귀,배깅
2026-05,서울,성동구,진해거담제,2087360.8487403512,릿지회귀,배깅
2026-05,서울,성북구,진해거담제,3460684.519475403,릿지회귀,배깅
2026-05,서울,송파구,진해거담제,4960290.284907831,릿지회귀,배깅
2026-05,서울,양천구,진해거담제,2978803.9249694464,릿지회귀,배깅
2026-05,서울,영등포구,진해거담제,3293626.728250488,릿지회귀,배깅
2026-05,서울,용산구,진해거담제,755006.9501241094,릿지회귀,배깅
2026-05,서울,은평구,진해거담제,3029180.4613911454,릿지회귀,배깅
2026-05,서울,종로구,진해거담제,1558653.1352943694,릿지회귀,배깅
2026-05,서울,중구,진해거담제,1060206.414180885,릿지회귀,배깅
2026-05,서울,중랑구,진해거담제,2716849.402598563,릿지회귀,배깅
2026-05,서울,강남구,항히스타민제,2679667.266068844,릿지회귀,배깅
2026-05,서울,강동구,항히스타민제,2151276.0600819653,릿지회귀,배깅
2026-05,서울,강북구,항히스타민제,655052.8202349996,릿지회귀,배깅
2026-05,서울,강서구,항히스타민제,2186683.585119303,릿지회귀,배깅
2026-05,서울,관악구,항히스타민제,1093061.0979179677,릿지회귀,배깅
2026-05,서울,광진구,항히스타민제,894131.9628470589,릿지회귀,배깅
2026-05,서울,구로구,항히스타민제,1394752.217982883,릿지회귀,배깅
2026-05,서울,금천구,항히스타민제,448681.25980458106,릿지회귀,배깅
2026-05,서울,노원구,항히스타민제,1835275.884436963,릿지회귀,배깅
2026-05,서울,도봉구,항히스타민제,869637.7990026157,릿지회귀,배깅
2026-05,서울,동대문구,항히스타민제,1396223.1951717748,릿지회귀,배깅
2026-05,서울,동작구,항히스타민제,1020791.811647098,릿지회귀,배깅
2026-05,서울,마포구,항히스타민제,1248821.4666844185,릿지회귀,배깅
2026-05,서울,서대문구,항히스타민제,939582.662306594,릿지회귀,배깅
2026-05,서울,서초구,항히스타민제,1471615.2442195977,릿지회귀,배깅
2026-05,서울,성동구,항히스타민제,778067.2662050218,릿지회귀,배깅
2026-05,서울,성북구,항히스타민제,1378472.6242341143,릿지회귀,배깅
2026-05,서울,송파구,항히스타민제,2849636.376943842,릿지회귀,배깅
2026-05,서울,양천구,항히스타민제,1422652.6074566892,릿지회귀,배깅
2026-05,서울,영등포구,항히스타민제,1615499.8198741777,릿지회귀,배깅
2026-05,서울,용산구,항히스타민제,382772.4486707123,릿지회귀,배깅
2026-05,서울,은평구,항히스타민제,1491405.9316939872,릿지회귀,배깅
2026-05,서울,종로구,항히스타민제,639718.1089860213,릿지회귀,배깅
2026-05,서울,중구,항히스타민제,293630.5714628279,릿지회귀,배깅
2026-05,서울,중랑구,항히스타민제,1160299.840480985,릿지회귀,배깅
2026-06,서울,강남구,해열진통소염제,7440526.405806582,릿지회귀,배깅
2026-06,서울,강동구,해열진통소염제,5942607.068569128,릿지회귀,배깅
2026-06,서울,강북구,해열진통소염제,2033437.5858796376,릿지회귀,배깅
2026-06,서울,강서구,해열진통소염제,4590443.731859047,릿지회귀,배깅
2026-06,서울,관악구,해열진통소염제,2639084.2245870745,릿지회귀,배깅
2026-06,서울,광진구,해열진통소염제,2508546.959390163,릿지회귀,배깅
2026-06,서울,구로구,해열진통소염제,3147926.784238141,릿지회귀,배깅
2026-06,서울,금천구,해열진통소염제,1553755.2102828987,릿지회귀,배깅
2026-06,서울,노원구,해열진통소염제,3857854.328096912,릿지회귀,배깅
2026-06,서울,도봉구,해열진통소염제,1751809.9535527949,릿지회귀,배깅
2026-06,서울,동대문구,해열진통소염제,3289331.7398538054,릿지회귀,배깅
2026-06,서울,동작구,해열진통소염제,2771448.3131071725,릿지회귀,배깅
2026-06,서울,마포구,해열진통소염제,1918982.7643383285,릿지회귀,배깅
2026-06,서울,서대문구,해열진통소염제,2282695.943971846,릿지회귀,배깅
2026-06,서울,서초구,해열진통소염제,4192171.420585708,릿지회귀,배깅
2026-06,서울,성동구,해열진통소염제,2161980.393493921,릿지회귀,배깅
2026-06,서울,성북구,해열진통소염제,2827453.6624151818,릿지회귀,배깅
2026-06,서울,송파구,해열진통소염제,5558200.266132677,릿지회귀,배깅
2026-06,서울,양천구,해열진통소염제,3072361.007750659,릿지회귀,배깅
2026-06,서울,영등포구,해열진통소염제,3904085.5406232257,릿지회귀,배깅
2026-06,서울,용산구,해열진통소염제,839134.9945778201,릿지회귀,배깅
2026-06,서울,은평구,해열진통소염제,3597591.886279656,릿지회귀,배깅
2026-06,서울,종로구,해열진통소염제,2656789.571391536,릿지회귀,배깅
2026-06,서울,중구,해열진통소염제,1185993.2518234812,릿지회귀,배깅
2026-06,서울,중랑구,해열진통소염제,2864165.313157175,릿지회귀,배깅
2026-06,서울,강남구,진해거담제,4308154.273259077,릿지회귀,배깅
2026-06,서울,강동구,진해거담제,4193417.920872355,릿지회귀,배깅
2026-06,서울,강북구,진해거담제,1296761.1421739426,릿지회귀,배깅
2026-06,서울,강서구,진해거담제,3499939.558607404,릿지회귀,배깅
2026-06,서울,관악구,진해거담제,1904475.9240744612,릿지회귀,배깅
2026-06,서울,광진구,진해거담제,1527900.9686429778,릿지회귀,배깅
2026-06,서울,구로구,진해거담제,3028366.5603135475,릿지회귀,배깅
2026-06,서울,금천구,진해거담제,1077944.3489793204,릿지회귀,배깅
2026-06,서울,노원구,진해거담제,2842523.971018885,릿지회귀,배깅
2026-06,서울,도봉구,진해거담제,1335220.2865348717,릿지회귀,배깅
2026-06,서울,동대문구,진해거담제,2110055.3747870447,릿지회귀,배깅
2026-06,서울,동작구,진해거담제,2297163.3224981534,릿지회귀,배깅
2026-06,서울,마포구,진해거담제,1983410.2264110064,릿지회귀,배깅
2026-06,서울,서대문구,진해거담제,1933153.010094948,릿지회귀,배깅
2026-06,서울,서초구,진해거담제,2623689.1490514134,릿지회귀,배깅
2026-06,서울,성동구,진해거담제,1645798.093376107,릿지회귀,배깅
2026-06,서울,성북구,진해거담제,2960475.202162704,릿지회귀,배깅
2026-06,서울,송파구,진해거담제,4374940.506408659,릿지회귀,배깅
2026-06,서울,양천구,진해거담제,2462377.081266383,릿지회귀,배깅
2026-06,서울,영등포구,진해거담제,2790839.477323197,릿지회귀,배깅
2026-06,서울,용산구,진해거담제,375491.5634497304,릿지회귀,배깅
2026-06,서울,은평구,진해거담제,2535349.8529561083,릿지회귀,배깅
2026-06,서울,종로구,진해거담제,1171864.8620522134,릿지회귀,배깅
2026-06,서울,중구,진해거담제,669176.7135822284,릿지회귀,배깅
2026-06,서울,중랑구,진해거담제,2227255.913780422,릿지회귀,배깅
2026-06,서울,강남구,항히스타민제,2196104.161511455,릿지회귀,배깅
2026-06,서울,강동구,항히스타민제,1700005.3185669268,릿지회귀,배깅
2026-06,서울,강북구,항히스타민제,271519.28803136904,릿지회귀,배깅
2026-06,서울,강서구,항히스타민제,1724009.4918011045,릿지회귀,배깅
2026-06,서울,관악구,항히스타민제,687473.9445893668,릿지회귀,배깅
2026-06,서울,광진구,항히스타민제,504831.67941745336,릿지회귀,배깅
2026-06,서울,구로구,항히스타민제,965951.8220158516,릿지회귀,배깅
2026-06,서울,금천구,항히스타민제,75314.77810705692,릿지회귀,배깅
2026-06,서울,노원구,항히스타민제,1394062.9519525482,릿지회귀,배깅
2026-06,서울,도봉구,항히스타민제,466371.9138296552,릿지회귀,배깅
2026-06,서울,동대문구,항히스타민제,968852.750750242,릿지회귀,배깅
2026-06,서울,동작구,항히스타민제,633574.927468691,릿지회귀,배깅
2026-06,서울,마포구,항히스타민제,826303.8215436918,릿지회귀,배깅
2026-06,서울,서대문구,항히스타민제,551128.5765722404,릿지회귀,배깅
2026-06,서울,서초구,항히스타민제,1034476.4413557914,릿지회귀,배깅
2026-06,서울,성동구,항히스타민제,388524.081430364,릿지회귀,배깅
2026-06,서울,성북구,항히스타민제,951405.6914350912,릿지회귀,배깅
2026-06,서울,송파구,항히스타민제,2354001.5804616525,릿지회귀,배깅
2026-06,서울,양천구,항히스타민제,979162.6669069376,릿지회귀,배깅
2026-06,서울,영등포구,항히스타민제,1178328.9458177094,릿지회귀,배깅
2026-06,서울,용산구,항히스타민제,11246.746793383938,릿지회귀,배깅
2026-06,서울,은평구,항히스타민제,1061041.147964977,릿지회귀,배깅
2026-06,서울,종로구,항히스타민제,280129.83184391435,릿지회귀,배깅
2026-06,서울,중구,항히스타민제,0.0,릿지회귀,배깅
2026-06,서울,중랑구,항히스타민제,736103.2721290943,릿지회귀,배깅
2026-07,서울,강남구,해열진통소염제,7405449.7351858225,릿지회귀,배깅
2026-07,서울,강동구,해열진통소염제,5895101.442563025,릿지회귀,배깅
2026-07,서울,강북구,해열진통소염제,1946809.4378670831,릿지회귀,배깅
2026-07,서울,강서구,해열진통소염제,4517222.747730093,릿지회귀,배깅
2026-07,서울,관악구,해열진통소염제,2559717.8091247017,릿지회귀,배깅
2026-07,서울,광진구,해열진통소염제,2421160.9472730574,릿지회귀,배깅
2026-07,서울,구로구,해열진통소염제,3058959.817446103,릿지회귀,배깅
2026-07,서울,금천구,해열진통소염제,1472889.289595851,릿지회귀,배깅
2026-07,서울,노원구,해열진통소염제,3765141.550035065,릿지회귀,배깅
2026-07,서울,도봉구,해열진통소염제,1664410.3705562584,릿지회귀,배깅
2026-07,서울,동대문구,해열진통소염제,3223483.249884248,릿지회귀,배깅
2026-07,서울,동작구,해열진통소염제,2707864.3419984374,릿지회귀,배깅
2026-07,서울,마포구,해열진통소염제,1809694.1328839292,릿지회귀,배깅
2026-07,서울,서대문구,해열진통소염제,2210230.225087658,릿지회귀,배깅
2026-07,서울,서초구,해열진통소염제,4124021.758974989,릿지회귀,배깅
2026-07,서울,성동구,해열진통소염제,2087055.6342991877,릿지회귀,배깅
2026-07,서울,성북구,해열진통소염제,2739882.1671361406,릿지회귀,배깅
2026-07,서울,송파구,해열진통소염제,5458832.333197576,릿지회귀,배깅
2026-07,서울,양천구,해열진통소염제,2975862.5042482927,릿지회귀,배깅
2026-07,서울,영등포구,해열진통소염제,3818330.9073814326,릿지회귀,배깅
2026-07,서울,용산구,해열진통소염제,757658.9937913085,릿지회귀,배깅
2026-07,서울,은평구,해열진통소염제,3519988.1304630176,릿지회귀,배깅
2026-07,서울,종로구,해열진통소염제,2625088.939956501,릿지회귀,배깅
2026-07,서울,중구,해열진통소염제,1101910.8546701325,릿지회귀,배깅
2026-07,서울,중랑구,해열진통소염제,2783428.810621606,릿지회귀,배깅
2026-07,서울,강남구,진해거담제,4047533.92551482,릿지회귀,배깅
2026-07,서울,강동구,진해거담제,3948837.129971256,릿지회귀,배깅
2026-07,서울,강북구,진해거담제,1137778.6792548622,릿지회귀,배깅
2026-07,서울,강서구,진해거담제,3262029.022462708,릿지회귀,배깅
2026-07,서울,관악구,진해거담제,1721628.4806441765,릿지회귀,배깅
2026-07,서울,광진구,진해거담제,1358404.108087005,릿지회귀,배깅
2026-07,서울,구로구,진해거담제,2804872.097500025,릿지회귀,배깅
2026-07,서울,금천구,진해거담제,925884.9662121648,릿지회귀,배깅
2026-07,서울,노원구,진해거담제,2592827.7066376014,릿지회귀,배깅
2026-07,서울,도봉구,진해거담제,1169256.395391972,릿지회귀,배깅
2026-07,서울,동대문구,진해거담제,1943072.947789432,릿지회귀,배깅
2026-07,서울,동작구,진해거담제,2137168.473269981,릿지회귀,배깅
2026-07,서울,마포구,진해거담제,1768938.194416045,릿지회귀,배깅
2026-07,서울,서대문구,진해거담제,1765296.343729349,릿지회귀,배깅
2026-07,서울,서초구,진해거담제,2410390.760922963,릿지회귀,배깅
2026-07,서울,성동구,진해거담제,1472970.5204099875,릿지회귀,배깅
2026-07,서울,성북구,진해거담제,2706430.6267562923,릿지회귀,배깅
2026-07,서울,송파구,진해거담제,4089755.953074976,릿지회귀,배깅
2026-07,서울,양천구,진해거담제,2254378.5269696554,릿지회귀,배깅
2026-07,서울,영등포구,진해거담제,2579893.636547051,릿지회귀,배깅
2026-07,서울,용산구,진해거담제,253539.937597534,릿지회귀,배깅
2026-07,서울,은평구,진해거담제,2323045.6963017005,릿지회귀,배깅
2026-07,서울,종로구,진해거담제,1076765.5877059863,릿지회귀,배깅
2026-07,서울,중구,진해거담제,541663.8259561711,릿지회귀,배깅
2026-07,서울,중랑구,진해거담제,2025347.0312663144,릿지회귀,배깅
2026-07,서울,강남구,항히스타민제,2045169.3578171136,릿지회귀,배깅
2026-07,서울,강동구,항히스타민제,1550635.8698220393,릿지회귀,배깅
2026-07,서울,강북구,항히스타민제,167091.73942201576,릿지회귀,배깅
2026-07,서울,강서구,항히스타민제,1586436.5751960103,릿지회귀,배깅
2026-07,서울,관악구,항히스타민제,569337.1057779014,릿지회귀,배깅
2026-07,서울,광진구,항히스타민제,395798.1642183629,릿지회귀,배깅
2026-07,서울,구로구,항히스타민제,839902.7585934133,릿지회귀,배깅
2026-07,서울,금천구,항히스타민제,0.0,릿지회귀,배깅
2026-07,서울,노원구,항히스타민제,1240218.1204661594,릿지회귀,배깅
2026-07,서울,도봉구,항히스타민제,355396.53034519363,릿지회귀,배깅
2026-07,서울,동대문구,항히스타민제,848368.199785844,릿지회귀,배깅
2026-07,서울,동작구,항히스타민제,533138.0838827168,릿지회귀,배깅
2026-07,서울,마포구,항히스타민제,694939.5033988961,릿지회귀,배깅
2026-07,서울,서대문구,항히스타민제,459747.9731408671,릿지회귀,배깅
2026-07,서울,서초구,항히스타민제,897024.6391856053,릿지회귀,배깅
2026-07,서울,성동구,항히스타민제,278831.4530026942,릿지회귀,배깅
2026-07,서울,성북구,항히스타민제,816737.2734467419,릿지회귀,배깅
2026-07,서울,송파구,항히스타민제,2186157.672189495,릿지회귀,배깅
2026-07,서울,양천구,항히스타민제,853003.8913347125,릿지회귀,배깅
2026-07,서울,영등포구,항히스타민제,1049617.6268646708,릿지회귀,배깅
2026-07,서울,용산구,항히스타민제,0.0,릿지회귀,배깅
2026-07,서울,은평구,항히스타민제,923332.6540476144,릿지회귀,배깅
2026-07,서울,종로구,항히스타민제,194644.4565669372,릿지회귀,배깅
2026-07,서울,중구,항히스타민제,0.0,릿지회귀,배깅
2026-07,서울,중랑구,항히스타민제,606288.4160320167,릿지회귀,배깅
2026-08,서울,강남구,해열진통소염제,7404577.045968736,릿지회귀,배깅
2026-08,서울,강동구,해열진통소염제,5908417.716003678,릿지회귀,배깅
2026-08,서울,강북구,해열진통소염제,1959242.9559573575,릿지회귀,배깅
2026-08,서울,강서구,해열진통소염제,4538130.529465754,릿지회귀,배깅
2026-08,서울,관악구,해열진통소염제,2577654.1359073003,릿지회귀,배깅
2026-08,서울,광진구,해열진통소염제,2433298.8478758032,릿지회귀,배깅
2026-08,서울,구로구,해열진통소염제,3073378.302369499,릿지회귀,배깅
2026-08,서울,금천구,해열진통소염제,1495196.6274478754,릿지회귀,배깅
2026-08,서울,노원구,해열진통소염제,3759771.168358448,릿지회귀,배깅
2026-08,서울,도봉구,해열진통소염제,1684904.494999443,릿지회귀,배깅
2026-08,서울,동대문구,해열진통소염제,3236874.430285345,릿지회귀,배깅
2026-08,서울,동작구,해열진통소염제,2715488.4081768254,릿지회귀,배깅
2026-08,서울,마포구,해열진통소염제,1814340.5343805605,릿지회귀,배깅
2026-08,서울,서대문구,해열진통소염제,2223940.2588205864,릿지회귀,배깅
2026-08,서울,서초구,해열진통소염제,4138868.606603169,릿지회귀,배깅
2026-08,서울,성동구,해열진통소염제,2092631.286985776,릿지회귀,배깅
2026-08,서울,성북구,해열진통소염제,2740867.5396030303,릿지회귀,배깅
2026-08,서울,송파구,해열진통소염제,5457913.60590866,릿지회귀,배깅
2026-08,서울,양천구,해열진통소염제,2986445.5825085016,릿지회귀,배깅
2026-08,서울,영등포구,해열진통소염제,3833230.987616072,릿지회귀,배깅
2026-08,서울,용산구,해열진통소염제,766975.2025091858,릿지회귀,배깅
2026-08,서울,은평구,해열진통소염제,3539547.699047768,릿지회귀,배깅
2026-08,서울,종로구,해열진통소염제,2626600.453934467,릿지회귀,배깅
2026-08,서울,중구,해열진통소염제,1104968.099733961,릿지회귀,배깅
2026-08,서울,중랑구,해열진통소염제,2799361.469946884,릿지회귀,배깅
2026-08,서울,강남구,진해거담제,3926578.3498074654,릿지회귀,배깅
2026-08,서울,강동구,진해거담제,3839785.3553829887,릿지회귀,배깅
2026-08,서울,강북구,진해거담제,1107560.032343329,릿지회귀,배깅
2026-08,서울,강서구,진해거담제,3175612.737544639,릿지회귀,배깅
2026-08,서울,관악구,진해거담제,1676197.839541366,릿지회귀,배깅
2026-08,서울,광진구,진해거담제,1323227.525324908,릿지회귀,배깅
2026-08,서울,구로구,진해거담제,2740082.020334954,릿지회귀,배깅
2026-08,서울,금천구,진해거담제,907764.728993692,릿지회귀,배깅
2026-08,서울,노원구,진해거담제,2500397.4254236277,릿지회귀,배깅
2026-08,서울,도봉구,진해거담제,1143785.2079707168,릿지회귀,배깅
2026-08,서울,동대문구,진해거담제,1911865.085400902,릿지회귀,배깅
2026-08,서울,동작구,진해거담제,2091754.3354353115,릿지회귀,배깅
2026-08,서울,마포구,진해거담제,1696177.501138504,릿지회귀,배깅
2026-08,서울,서대문구,진해거담제,1719784.380498818,릿지회귀,배깅
2026-08,서울,서초구,진해거담제,2323162.709779066,릿지회귀,배깅
2026-08,서울,성동구,진해거담제,1421197.510263887,릿지회귀,배깅
2026-08,서울,성북구,진해거담제,2604265.3045589835,릿지회귀,배깅
2026-08,서울,송파구,진해거담제,3956747.813507207,릿지회귀,배깅
2026-08,서울,양천구,진해거담제,2185805.611085123,릿지회귀,배깅
2026-08,서울,영등포구,진해거담제,2510115.9174401923,릿지회귀,배깅
2026-08,서울,용산구,진해거담제,239272.68591052215,릿지회귀,배깅
2026-08,서울,은평구,진해거담제,2268329.944174363,릿지회귀,배깅
2026-08,서울,종로구,진해거담제,1057567.8813660948,릿지회귀,배깅
2026-08,서울,중구,진해거담제,525661.7886057318,릿지회귀,배깅
2026-08,서울,중랑구,진해거담제,1973777.9251475933,릿지회귀,배깅
2026-08,서울,강남구,항히스타민제,2024895.9607847184,릿지회귀,배깅
2026-08,서울,강동구,항히스타민제,1540609.7224321666,릿지회귀,배깅
2026-08,서울,강북구,항히스타민제,177046.67312063096,릿지회귀,배깅
2026-08,서울,강서구,항히스타민제,1570625.824814244,릿지회귀,배깅
2026-08,서울,관악구,항히스타민제,569901.6252365237,릿지회귀,배깅
2026-08,서울,광진구,항히스타민제,400619.3996272134,릿지회귀,배깅
2026-08,서울,구로구,항히스타민제,836089.4009630383,릿지회귀,배깅
2026-08,서울,금천구,항히스타민제,8594.064028595,릿지회귀,배깅
2026-08,서울,노원구,항히스타민제,1218347.6147027696,릿지회귀,배깅
2026-08,서울,도봉구,항히스타민제,364335.269499555,릿지회귀,배깅
2026-08,서울,동대문구,항히스타민제,845753.2753355292,릿지회귀,배깅
2026-08,서울,동작구,항히스타민제,543856.408319543,릿지회귀,배깅
2026-08,서울,마포구,항히스타민제,688474.3991672111,릿지회귀,배깅
2026-08,서울,서대문구,항히스타민제,471591.66246173176,릿지회귀,배깅
2026-08,서울,서초구,항히스타민제,883674.3596376583,릿지회귀,배깅
2026-08,서울,성동구,항히스타민제,277948.43803881475,릿지회귀,배깅
2026-08,서울,성북구,항히스타민제,804932.2552299594,릿지회귀,배깅
2026-08,서울,송파구,항히스타민제,2142724.263013431,릿지회귀,배깅
2026-08,서울,양천구,항히스타민제,843849.9205801092,릿지회귀,배깅
2026-08,서울,영등포구,항히스타민제,1039365.9445138203,릿지회귀,배깅
2026-08,서울,용산구,항히스타민제,0.0,릿지회귀,배깅
2026-08,서울,은평구,항히스타민제,917421.2861854712,릿지회귀,배깅
2026-08,서울,종로구,항히스타민제,206057.5011276593,릿지회귀,배깅
2026-08,서울,중구,항히스타민제,0.0,릿지회귀,배깅
2026-08,서울,중랑구,항히스타민제,604966.4461604708,릿지회귀,배깅
2026-09,서울,강남구,해열진통소염제,7586825.559685113,릿지회귀,배깅
2026-09,서울,강동구,해열진통소염제,6073677.770141273,릿지회귀,배깅
2026-09,서울,강북구,해열진통소염제,2044127.069848152,릿지회귀,배깅
2026-09,서울,강서구,해열진통소염제,4658241.227740706,릿지회귀,배깅
2026-09,서울,관악구,해열진통소염제,2680718.4641428366,릿지회귀,배깅
2026-09,서울,광진구,해열진통소염제,2519724.700943088,릿지회귀,배깅
2026-09,서울,구로구,해열진통소염제,3186172.6404527854,릿지회귀,배깅
2026-09,서울,금천구,해열진통소염제,1570543.7224576485,릿지회귀,배깅
2026-09,서울,노원구,해열진통소염제,3875074.200481272,릿지회귀,배깅
2026-09,서울,도봉구,해열진통소염제,1768463.881280192,릿지회귀,배깅
2026-09,서울,동대문구,해열진통소염제,3358793.342101416,릿지회귀,배깅
2026-09,서울,동작구,해열진통소염제,2817933.181101484,릿지회귀,배깅
2026-09,서울,마포구,해열진통소염제,1893048.785518276,릿지회귀,배깅
2026-09,서울,서대문구,해열진통소염제,2311459.5824284675,릿지회귀,배깅
2026-09,서울,서초구,해열진통소염제,4266406.267445723,릿지회귀,배깅
2026-09,서울,성동구,해열진통소염제,2175881.018559586,릿지회귀,배깅
2026-09,서울,성북구,해열진통소염제,2845521.3392232624,릿지회귀,배깅
2026-09,서울,송파구,해열진통소염제,5639497.10487946,릿지회귀,배깅
2026-09,서울,양천구,해열진통소염제,3089226.8064371604,릿지회귀,배깅
2026-09,서울,영등포구,해열진통소염제,3952888.54317564,릿지회귀,배깅
2026-09,서울,용산구,해열진통소염제,821606.4445684712,릿지회귀,배깅
2026-09,서울,은평구,해열진통소염제,3655931.111261956,릿지회귀,배깅
2026-09,서울,종로구,해열진통소염제,2714049.1078777867,릿지회귀,배깅
2026-09,서울,중구,해열진통소염제,1167630.5192059963,릿지회귀,배깅
2026-09,서울,중랑구,해열진통소염제,2897786.758254773,릿지회귀,배깅
2026-09,서울,강남구,진해거담제,4062737.4125508056,릿지회귀,배깅
2026-09,서울,강동구,진해거담제,3969952.833386221,릿지회귀,배깅
2026-09,서울,강북구,진해거담제,1183112.7942268292,릿지회귀,배깅
2026-09,서울,강서구,진해거담제,3289330.82980598,릿지회귀,배깅
2026-09,서울,관악구,진해거담제,1767384.1013404725,릿지회귀,배깅
2026-09,서울,광진구,진해거담제,1387441.8275450198,릿지회귀,배깅
2026-09,서울,구로구,진해거담제,2851942.5780849745,릿지회귀,배깅
2026-09,서울,금천구,진해거담제,973318.4898349418,릿지회귀,배깅
2026-09,서울,노원구,진해거담제,2594977.633217923,릿지회귀,배깅
2026-09,서울,도봉구,진해거담제,1224658.1106851446,릿지회귀,배깅
2026-09,서울,동대문구,진해거담제,2009479.4017884715,릿지회귀,배깅
2026-09,서울,동작구,진해거담제,2189087.2945340867,릿지회귀,배깅
2026-09,서울,마포구,진해거담제,1771069.464867339,릿지회귀,배깅
2026-09,서울,서대문구,진해거담제,1800492.31325972,릿지회귀,배깅
2026-09,서울,서초구,진해거담제,2417706.297334946,릿지회귀,배깅
2026-09,서울,성동구,진해거담제,1498554.4889328578,릿지회귀,배깅
2026-09,서울,성북구,진해거담제,2713827.285952539,릿지회귀,배깅
2026-09,서울,송파구,진해거담제,4081966.264924135,릿지회귀,배깅
2026-09,서울,양천구,진해거담제,2280670.1701719016,릿지회귀,배깅
2026-09,서울,영등포구,진해거담제,2608458.2105348115,릿지회귀,배깅
2026-09,서울,용산구,진해거담제,284842.5991406237,릿지회귀,배깅
2026-09,서울,은평구,진해거담제,2374597.396747929,릿지회귀,배깅
2026-09,서울,종로구,진해거담제,1132358.5824217205,릿지회귀,배깅
2026-09,서울,중구,진해거담제,578355.878798427,릿지회귀,배깅
2026-09,서울,중랑구,진해거담제,2070139.85486054,릿지회귀,배깅
2026-09,서울,강남구,항히스타민제,2158131.007204036,릿지회귀,배깅
2026-09,서울,강동구,항히스타민제,1660192.238166568,릿지회귀,배깅
2026-09,서울,강북구,항히스타민제,246420.64167357437,릿지회귀,배깅
2026-09,서울,강서구,항히스타민제,1683014.8098586118,릿지회귀,배깅
2026-09,서울,관악구,항히스타민제,650732.2564871517,릿지회귀,배깅
2026-09,서울,광진구,항히스타민제,467863.4753648192,릿지회귀,배깅
2026-09,서울,구로구,항히스타민제,936107.9095909144,릿지회귀,배깅
2026-09,서울,금천구,항히스타민제,59685.07886748648,릿지회귀,배깅
2026-09,서울,노원구,항히스타민제,1314573.7712063985,릿지회귀,배깅
2026-09,서울,도봉구,항히스타민제,437055.6985268764,릿지회귀,배깅
2026-09,서울,동대문구,항히스타민제,936704.3267119336,릿지회귀,배깅
2026-09,서울,동작구,항히스타민제,617119.587822595,릿지회귀,배깅
2026-09,서울,마포구,항히스타민제,771531.2885088014,릿지회귀,배깅
2026-09,서울,서대문구,항히스타민제,542086.5642698745,릿지회귀,배깅
2026-09,서울,서초구,항히스타민제,970261.8108619918,릿지회귀,배깅
2026-09,서울,성동구,항히스타민제,341638.0648040319,릿지회귀,배깅
2026-09,서울,성북구,항히스타민제,891072.4941433631,릿지회귀,배깅
2026-09,서울,송파구,항히스타민제,2277042.281480856,릿지회귀,배깅
2026-09,서울,양천구,항히스타민제,939149.3577188676,릿지회귀,배깅
2026-09,서울,영등포구,항히스타민제,1132521.574271133,릿지회귀,배깅
2026-09,서울,용산구,항히스타민제,16054.180421014436,릿지회귀,배깅
2026-09,서울,은평구,항히스타민제,1014247.5802538788,릿지회귀,배깅
2026-09,서울,종로구,항히스타민제,263940.6639315534,릿지회귀,배깅
2026-09,서울,중구,항히스타민제,0.0,릿지회귀,배깅
2026-09,서울,중랑구,항히스타민제,685039.3895921265,릿지회귀,배깅
2026-10,서울,강남구,해열진통소염제,7733782.856826636,릿지회귀,배깅
2026-10,서울,강동구,해열진통소염제,6215041.955325724,릿지회귀,배깅
2026-10,서울,강북구,해열진통소염제,2199163.877228426,릿지회귀,배깅
2026-10,서울,강서구,해열진통소염제,4810085.107276594,릿지회귀,배깅
2026-10,서울,관악구,해열진통소염제,2849888.4088719506,릿지회귀,배깅
2026-10,서울,광진구,해열진통소염제,2671172.4653246133,릿지회귀,배깅
2026-10,서울,구로구,해열진통소염제,3349539.901721972,릿지회귀,배깅
2026-10,서울,금천구,해열진통소염제,1718746.8098152978,릿지회귀,배깅
2026-10,서울,노원구,해열진통소염제,4034463.249034936,릿지회귀,배깅
2026-10,서울,도봉구,해열진통소염제,1908336.366268452,릿지회귀,배깅
2026-10,서울,동대문구,해열진통소염제,3507169.499179538,릿지회귀,배깅
2026-10,서울,동작구,해열진통소염제,2974161.703194422,릿지회귀,배깅
2026-10,서울,마포구,해열진통소염제,2057052.9581803412,릿지회귀,배깅
2026-10,서울,서대문구,해열진통소염제,2452359.250690656,릿지회귀,배깅
2026-10,서울,서초구,해열진통소염제,4428683.099566428,릿지회귀,배깅
2026-10,서울,성동구,해열진통소염제,2310015.1927546617,릿지회귀,배깅
2026-10,서울,성북구,해열진통소염제,3003814.7040542406,릿지회귀,배깅
2026-10,서울,송파구,해열진통소염제,5809242.218655797,릿지회귀,배깅
2026-10,서울,양천구,해열진통소염제,3227674.5651897807,릿지회귀,배깅
2026-10,서울,영등포구,해열진통소염제,4100418.172685839,릿지회귀,배깅
2026-10,서울,용산구,해열진통소염제,966254.9163104512,릿지회귀,배깅
2026-10,서울,은평구,해열진통소염제,3805506.037715149,릿지회귀,배깅
2026-10,서울,종로구,해열진통소염제,2821589.693972192,릿지회귀,배깅
2026-10,서울,중구,해열진통소염제,1311443.4441675788,릿지회귀,배깅
2026-10,서울,중랑구,해열진통소염제,3056114.381281839,릿지회귀,배깅
2026-10,서울,강남구,진해거담제,4319615.821519653,릿지회귀,배깅
2026-10,서울,강동구,진해거담제,4217440.527214556,릿지회귀,배깅
2026-10,서울,강북구,진해거담제,1365658.1222001498,릿지회귀,배깅
2026-10,서울,강서구,진해거담제,3530411.9654185595,릿지회귀,배깅
2026-10,서울,관악구,진해거담제,1984436.7329241456,릿지회귀,배깅
2026-10,서울,광진구,진해거담제,1583127.4623953984,릿지회귀,배깅
2026-10,서울,구로구,진해거담제,3083133.885810788,릿지회귀,배깅
2026-10,서울,금천구,진해거담제,1162044.638983841,릿지회귀,배깅
2026-10,서울,노원구,진해거담제,2827113.5323445825,릿지회귀,배깅
2026-10,서울,도봉구,진해거담제,1402732.2896728765,릿지회귀,배깅
2026-10,서울,동대문구,진해거담제,2215886.168934776,릿지회귀,배깅
2026-10,서울,동작구,진해거담제,2371750.469119853,릿지회귀,배깅
2026-10,서울,마포구,진해거담제,1986479.8854372029,릿지회귀,배깅
2026-10,서울,서대문구,진해거담제,1986012.3163929735,릿지회귀,배깅
2026-10,서울,서초구,진해거담제,2653085.517325081,릿지회귀,배깅
2026-10,서울,성동구,진해거담제,1694145.1545593145,릿지회귀,배깅
2026-10,서울,성북구,진해거담제,2948626.2471882296,릿지회귀,배깅
2026-10,서울,송파구,진해거담제,4353430.329971707,릿지회귀,배깅
2026-10,서울,양천구,진해거담제,2503738.59234146,릿지회귀,배깅
2026-10,서울,영등포구,진해거담제,2823381.399625851,릿지회귀,배깅
2026-10,서울,용산구,진해거담제,447594.6003986429,릿지회귀,배깅
2026-10,서울,은평구,진해거담제,2592184.647940138,릿지회귀,배깅
2026-10,서울,종로구,진해거담제,1278447.1033720237,릿지회귀,배깅
2026-10,서울,중구,진해거담제,738353.6930574329,릿지회귀,배깅
2026-10,서울,중랑구,진해거담제,2297830.5593911028,릿지회귀,배깅
2026-10,서울,강남구,항히스타민제,2365779.737045064,릿지회귀,배깅
2026-10,서울,강동구,항히스타민제,1857753.9619839652,릿지회귀,배깅
2026-10,서울,강북구,항히스타민제,414991.9258998148,릿지회귀,배깅
2026-10,서울,강서구,항히스타민제,1898242.4049614624,릿지회귀,배깅
2026-10,서울,관악구,항히스타민제,836342.9963801237,릿지회귀,배깅
2026-10,서울,광진구,항히스타민제,645180.9220746637,릿지회귀,배깅
2026-10,서울,구로구,항히스타민제,1123589.4947081034,릿지회귀,배깅
2026-10,서울,금천구,항히스타민제,221553.28089627344,릿지회귀,배깅
2026-10,서울,노원구,항히스타민제,1512976.8808816096,릿지회귀,배깅
2026-10,서울,도봉구,항히스타민제,607660.5480347718,릿지회귀,배깅
2026-10,서울,동대문구,항히스타민제,1119312.0787314505,릿지회귀,배깅
2026-10,서울,동작구,항히스타민제,786914.2211144454,릿지회귀,배깅
2026-10,서울,마포구,항히스타민제,959998.5825396,릿지회귀,배깅
2026-10,서울,서대문구,항히스타민제,706132.0740642654,릿지회귀,배깅
2026-10,서울,서초구,항히스타민제,1168894.179960883,릿지회귀,배깅
2026-10,서울,성동구,항히스타민제,504179.6550380504,릿지회귀,배깅
2026-10,서울,성북구,항히스타민제,1083315.4865812266,릿지회귀,배깅
2026-10,서울,송파구,항히스타민제,2494299.7546978965,릿지회귀,배깅
2026-10,서울,양천구,항히스타민제,1134674.0414943858,릿지회귀,배깅
2026-10,서울,영등포구,항히스타민제,1322708.519827436,릿지회귀,배깅
2026-10,서울,용산구,항히스타민제,152879.17873082208,릿지회귀,배깅
2026-10,서울,은평구,항히스타민제,1199862.569127791,릿지회귀,배깅
2026-10,서울,종로구,항히스타민제,415311.9149335789,릿지회귀,배깅
2026-10,서울,중구,항히스타민제,115773.43679111084,릿지회귀,배깅
2026-10,서울,중랑구,항히스타민제,876461.7920160933,릿지회귀,배깅
2026-11,서울,강남구,해열진통소염제,8265076.193632948,릿지회귀,배깅
2026-11,서울,강동구,해열진통소염제,6701702.735581163,릿지회귀,배깅
2026-11,서울,강북구,해열진통소염제,2595914.4815848544,릿지회귀,배깅
2026-11,서울,강서구,해열진통소염제,5296681.992472054,릿지회귀,배깅
2026-11,서울,관악구,해열진통소염제,3275749.1897803014,릿지회귀,배깅
2026-11,서울,광진구,해열진통소염제,3108986.6086932817,릿지회귀,배깅
2026-11,서울,구로구,해열진통소염제,3813434.065106497,릿지회귀,배깅
2026-11,서울,금천구,해열진통소염제,2124462.568441372,릿지회귀,배깅
2026-11,서울,노원구,해열진통소염제,4494166.799105991,릿지회귀,배깅
2026-11,서울,도봉구,해열진통소염제,2322469.0344848465,릿지회귀,배깅
2026-11,서울,동대문구,해열진통소염제,3935992.846942579,릿지회귀,배깅
2026-11,서울,동작구,해열진통소염제,3405972.1743055256,릿지회귀,배깅
2026-11,서울,마포구,해열진통소염제,2493799.0928755268,릿지회귀,배깅
2026-11,서울,서대문구,해열진통소염제,2858877.903535784,릿지회귀,배깅
2026-11,서울,서초구,해열진통소염제,4908630.924723967,릿지회귀,배깅
2026-11,서울,성동구,해열진통소염제,2732346.0060797804,릿지회귀,배깅
2026-11,서울,성북구,해열진통소염제,3428528.940964232,릿지회귀,배깅
2026-11,서울,송파구,해열진통소염제,6326628.086598346,릿지회귀,배깅
2026-11,서울,양천구,해열진통소염제,3710460.733800517,릿지회귀,배깅
2026-11,서울,영등포구,해열진통소염제,4564022.317032108,릿지회귀,배깅
2026-11,서울,용산구,해열진통소염제,1364486.1237675787,릿지회귀,배깅
2026-11,서울,은평구,해열진통소염제,4237279.448584365,릿지회귀,배깅
2026-11,서울,종로구,해열진통소염제,3207218.25973308,릿지회귀,배깅
2026-11,서울,중구,해열진통소염제,1701654.0134476968,릿지회귀,배깅
2026-11,서울,중랑구,해열진통소염제,3478009.7954120543,릿지회귀,배깅
2026-11,서울,강남구,진해거담제,5007882.23659384,릿지회귀,배깅
2026-11,서울,강동구,진해거담제,4896413.480551946,릿지회귀,배깅
2026-11,서울,강북구,진해거담제,1838386.2087933423,릿지회귀,배깅
2026-11,서울,강서구,진해거담제,4177258.236359105,릿지회귀,배깅
2026-11,서울,관악구,진해거담제,2516673.4267406263,릿지회귀,배깅
2026-11,서울,광진구,진해거담제,2089518.261809423,릿지회귀,배깅
2026-11,서울,구로구,진해거담제,3690120.516412191,릿지회귀,배깅
2026-11,서울,금천구,진해거담제,1634257.3929285472,릿지회귀,배깅
2026-11,서울,노원구,진해거담제,3425804.8664690093,릿지회귀,배깅
2026-11,서울,도봉구,진해거담제,1909761.7909393115,릿지회귀,배깅
2026-11,서울,동대문구,진해거담제,2720491.6390505163,릿지회귀,배깅
2026-11,서울,동작구,진해거담제,2882764.293773705,릿지회귀,배깅
2026-11,서울,마포구,진해거담제,2537257.403299228,릿지회귀,배깅
2026-11,서울,서대문구,진해거담제,2480059.355987028,릿지회귀,배깅
2026-11,서울,서초구,진해거담제,3235190.798992258,릿지회귀,배깅
2026-11,서울,성동구,진해거담제,2207913.5552118407,릿지회귀,배깅
2026-11,서울,성북구,진해거담제,3542860.463860226,릿지회귀,배깅
2026-11,서울,송파구,진해거담제,5055768.78729452,릿지회귀,배깅
2026-11,서울,양천구,진해거담제,3087057.042773148,릿지회귀,배깅
2026-11,서울,영등포구,진해거담제,3402630.783113863,릿지회귀,배깅
2026-11,서울,용산구,진해거담제,871006.2930090976,릿지회귀,배깅
2026-11,서울,은평구,진해거담제,3130587.884609153,릿지회귀,배깅
2026-11,서울,종로구,진해거담제,1696558.6461731414,릿지회귀,배깅
2026-11,서울,중구,진해거담제,1170568.8268167195,릿지회귀,배깅
2026-11,서울,중랑구,진해거담제,2839530.689986921,릿지회귀,배깅
2026-11,서울,강남구,항히스타민제,2832925.339043505,릿지회귀,배깅
2026-11,서울,강동구,항히스타민제,2326140.2375415578,릿지회귀,배깅
2026-11,서울,강북구,항히스타민제,822226.6696515443,릿지회귀,배깅
2026-11,서울,강서구,항히스타민제,2367924.664547288,릿지회귀,배깅
2026-11,서울,관악구,항히스타민제,1263165.0274640173,릿지회귀,배깅
2026-11,서울,광진구,항히스타민제,1061554.882415301,릿지회귀,배깅
2026-11,서울,구로구,항히스타민제,1560519.9031963567,릿지회귀,배깅
2026-11,서울,금천구,항히스타민제,615742.742971678,릿지회귀,배깅
2026-11,서울,노원구,항히스타민제,1972070.538432922,릿지회귀,배깅
2026-11,서울,도봉구,항히스타민제,1025544.0651559528,릿지회귀,배깅
2026-11,서울,동대문구,항히스타민제,1559535.8601416796,릿지회귀,배깅
2026-11,서울,동작구,항히스타민제,1191266.9614689003,릿지회귀,배깅
2026-11,서울,마포구,항히스타민제,1388182.3829510363,릿지회귀,배깅
2026-11,서울,서대문구,항히스타민제,1098924.2635431772,릿지회귀,배깅
2026-11,서울,서초구,항히스타민제,1613320.1771856546,릿지회귀,배깅
2026-11,서울,성동구,항히스타민제,920772.5792564696,릿지회귀,배깅
2026-11,서울,성북구,항히스타민제,1529082.4332915628,릿지회귀,배깅
2026-11,서울,송파구,항히스타민제,2983377.6490248893,릿지회귀,배깅
2026-11,서울,양천구,항히스타민제,1570213.5761013546,릿지회귀,배깅
2026-11,서울,영등포구,항히스타민제,1758780.3352135746,릿지회귀,배깅
2026-11,서울,용산구,항히스타민제,545255.3199386017,릿지회귀,배깅
2026-11,서울,은평구,항히스타민제,1633492.0615864848,릿지회귀,배깅
2026-11,서울,종로구,항히스타민제,795042.0222989159,릿지회귀,배깅
2026-11,서울,중구,항히스타민제,495116.7280107169,릿지회귀,배깅
2026-11,서울,중랑구,항히스타민제,1297482.715444011,릿지회귀,배깅
2026-12,서울,강남구,해열진통소염제,8403551.463717064,릿지회귀,배깅
2026-12,서울,강동구,해열진통소염제,6826542.621287089,릿지회귀,배깅
2026-12,서울,강북구,해열진통소염제,2694577.771332165,릿지회귀,배깅
2026-12,서울,강서구,해열진통소염제,5417578.98563742,릿지회귀,배깅
2026-12,서울,관악구,해열진통소염제,3351985.543319485,릿지회귀,배깅
2026-12,서울,광진구,해열진통소염제,3207926.072674275,릿지회귀,배깅
2026-12,서울,구로구,해열진통소염제,3900842.653651119,릿지회귀,배깅
2026-12,서울,금천구,해열진통소염제,2200124.545758932,릿지회귀,배깅
2026-12,서울,노원구,해열진통소염제,4624465.275865187,릿지회귀,배깅
2026-12,서울,도봉구,해열진통소염제,2413064.211159291,릿지회귀,배깅
2026-12,서울,동대문구,해열진통소염제,4028141.670960205,릿지회귀,배깅
2026-12,서울,동작구,해열진통소염제,3496275.081853506,릿지회귀,배깅
2026-12,서울,마포구,해열진통소염제,2587489.629555545,릿지회귀,배깅
2026-12,서울,서대문구,해열진통소염제,2958174.654139155,릿지회귀,배깅
2026-12,서울,서초구,해열진통소염제,5011304.468371747,릿지회귀,배깅
2026-12,서울,성동구,해열진통소염제,2823668.3024779176,릿지회귀,배깅
2026-12,서울,성북구,해열진통소염제,3537860.309597989,릿지회귀,배깅
2026-12,서울,송파구,해열진통소염제,6432916.383920184,릿지회귀,배깅
2026-12,서울,양천구,해열진통소염제,3807970.2596249687,릿지회귀,배깅
2026-12,서울,영등포구,해열진통소염제,4665606.866238524,릿지회귀,배깅
2026-12,서울,용산구,해열진통소염제,1440262.7160670462,릿지회귀,배깅
2026-12,서울,은평구,해열진통소염제,4340623.710853554,릿지회귀,배깅
2026-12,서울,종로구,해열진통소염제,3323159.8369875173,릿지회귀,배깅
2026-12,서울,중구,해열진통소염제,1790133.7397954266,릿지회귀,배깅
2026-12,서울,중랑구,해열진통소염제,3557278.067731278,릿지회귀,배깅
2026-12,서울,강남구,진해거담제,5159105.678721474,릿지회귀,배깅
2026-12,서울,강동구,진해거담제,5044618.1641372265,릿지회귀,배깅
2026-12,서울,강북구,진해거담제,1957713.1072715924,릿지회귀,배깅
2026-12,서울,강서구,진해거담제,4331560.494183021,릿지회귀,배깅
2026-12,서울,관악구,진해거담제,2614496.91985035,릿지회귀,배깅
2026-12,서울,광진구,진해거담제,2190135.991177204,릿지회귀,배깅
2026-12,서울,구로구,진해거담제,3809675.134040467,릿지회귀,배깅
2026-12,서울,금천구,진해거담제,1725873.6795720758,릿지회귀,배깅
2026-12,서울,노원구,진해거담제,3589315.149906676,릿지회귀,배깅
2026-12,서울,도봉구,진해거담제,2017141.928744451,릿지회귀,배깅
2026-12,서울,동대문구,진해거담제,2824122.5163682792,릿지회귀,배깅
2026-12,서울,동작구,진해거담제,2999633.888945007,릿지회귀,배깅
2026-12,서울,마포구,진해거담제,2673664.745088464,릿지회귀,배깅
2026-12,서울,서대문구,진해거담제,2622697.5951375617,릿지회귀,배깅
2026-12,서울,서초구,진해거담제,3355156.700686095,릿지회귀,배깅
2026-12,서울,성동구,진해거담제,2317264.1017327025,릿지회귀,배깅
2026-12,서울,성북구,진해거담제,3691916.5974078663,릿지회귀,배깅
2026-12,서울,송파구,진해거담제,5218293.169816826,릿지회귀,배깅
2026-12,서울,양천구,진해거담제,3196962.6687341635,릿지회귀,배깅
2026-12,서울,영등포구,진해거담제,3530715.214369873,릿지회귀,배깅
2026-12,서울,용산구,진해거담제,962452.0252682616,릿지회귀,배깅
2026-12,서울,은평구,진해거담제,3249674.9460738394,릿지회귀,배깅
2026-12,서울,종로구,진해거담제,1788686.2209897712,릿지회귀,배깅
2026-12,서울,중구,진해거담제,1268428.6568313502,릿지회귀,배깅
2026-12,서울,중랑구,진해거담제,2939708.5064342776,릿지회귀,배깅
2026-12,서울,강남구,항히스타민제,2916686.441374139,릿지회귀,배깅
2026-12,서울,강동구,항히스타민제,2400515.8318620366,릿지회귀,배깅
2026-12,서울,강북구,항히스타민제,893534.9629113582,릿지회귀,배깅
2026-12,서울,강서구,항히스타민제,2450186.7282408117,릿지회귀,배깅
2026-12,서울,관악구,항히스타민제,1330893.3559384986,릿지회귀,배깅
2026-12,서울,광진구,항히스타민제,1134418.0762694257,릿지회귀,배깅
2026-12,서울,구로구,항히스타민제,1627041.670815809,릿지회귀,배깅
2026-12,서울,금천구,항히스타민제,685927.3218177813,릿지회귀,배깅
2026-12,서울,노원구,항히스타민제,2065903.117266952,릿지회귀,배깅
2026-12,서울,도봉구,항히스타민제,1096334.748737631,릿지회귀,배깅
2026-12,서울,동대문구,항히스타민제,1626510.845891506,릿지회귀,배깅
2026-12,서울,동작구,항히스타민제,1261275.9376256613,릿지회귀,배깅
2026-12,서울,마포구,항히스타민제,1462089.7192972011,릿지회귀,배깅
2026-12,서울,서대문구,항히스타민제,1165391.7820206727,릿지회귀,배깅
2026-12,서울,서초구,항히스타민제,1683048.3584929688,릿지회귀,배깅
2026-12,서울,성동구,항히스타민제,999560.7041076252,릿지회귀,배깅
2026-12,서울,성북구,항히스타민제,1603353.6983166863,릿지회귀,배깅
2026-12,서울,송파구,항히스타민제,3068989.1587953228,릿지회귀,배깅
2026-12,서울,양천구,항히스타민제,1627700.9088769152,릿지회귀,배깅
2026-12,서울,영등포구,항히스타민제,1830553.786839264,릿지회귀,배깅
2026-12,서울,용산구,항히스타민제,623452.4295516717,릿지회귀,배깅
2026-12,서울,은평구,항히스타민제,1706900.400742776,릿지회귀,배깅
2026-12,서울,종로구,항히스타민제,867756.7020259073,릿지회귀,배깅
2026-12,서울,중구,항히스타민제,574071.712567014,릿지회귀,배깅
2026-12,서울,중랑구,항히스타민제,1357828.9264391856,릿지회귀,배깅
