일시,시도명칭,시군구명칭,수량,금액
2020-01,서울,강남구,7270174,1305204286
2020-02,서울,강남구,5441324,1064732820
2020-03,서울,강남구,4988203,1043777385
2020-04,서울,강남구,5001873,1098282942
2020-05,서울,강남구,5286300,1142527238
2020-06,서울,강남구,5717761,1261553536
2020-07,서울,강남구,5985948,1305491376
2020-08,서울,강남구,5345754,1151672156
2020-09,서울,강남구,5315533,1155752172
2020-10,서울,강남구,5404433,1179992200
2020-11,서울,강남구,5617941,1214753390
2020-12,서울,강남구,5292415,1156095761
2021-01,서울,강남구,5078807,1115222411
2021-02,서울,강남구,4856468,1072560134
2021-03,서울,강남구,5979223,1300159719
2021-04,서울,강남구,5982035,1284105584
2021-05,서울,강남구,5613019,1226478108
2021-06,서울,강남구,5960923,1321454024
2021-07,서울,강남구,5749652,1286568935
2021-08,서울,강남구,5628448,1272479862
2021-09,서울,강남구,5520048,1222368484
2021-10,서울,강남구,5819859,1250663622
2021-11,서울,강남구,6537754,1386744936
2021-12,서울,강남구,6160547,1335898143
2022-01,서울,강남구,5823265,1246954957
2022-02,서울,강남구,6354110,1222086511
2022-03,서울,강남구,9477264,1509896612
2022-04,서울,강남구,7131398,1340982712
2022-05,서울,강남구,6499036,1415821467
2022-06,서울,강남구,6276877,1371603967
2022-07,서울,강남구,7350571,1482180077
2022-08,서울,강남구,7717461,1503555559
2022-09,서울,강남구,6860028,1385857983
2022-10,서울,강남구,6786013,1357203824
2022-11,서울,강남구,7495224,1485956946
2022-12,서울,강남구,8028864,1487191352
2023-01,서울,강남구,7180332,1420081975
2023-02,서울,강남구,6517065,1338998232
2023-03,서울,강남구,7645578,1522574279
2023-04,서울,강남구,8084429,1488365258
2023-05,서울,강남구,8674734,1594719793
2023-06,서울,강남구,8046105,1553445503
2023-07,서울,강남구,8227417,1525310032
2023-08,서울,강남구,7931917,1549861494
2023-09,서울,강남구,7544319,1403299399
2023-10,서울,강남구,8214420,1516525919
2023-11,서울,강남구,8540100,1580110036
2023-12,서울,강남구,9026345,1591741053
2024-01,서울,강남구,8761256,1651584308
2024-02,서울,강남구,7169644,1386449970
2024-03,서울,강남구,7311387,1421721027
2024-04,서울,강남구,7619836,1487311098
2024-05,서울,강남구,7596440,1495042071
2024-06,서울,강남구,7095002,1394213834
2024-07,서울,강남구,8150837,1535723899
2024-08,서울,강남구,7956826,1482617208
2024-09,서울,강남구,6884226,1334603305
2024-10,서울,강남구,7565856,1500330679
2024-11,서울,강남구,7399552,1424379773
2024-12,서울,강남구,8956914,1587369253
2025-01,서울,강남구,8390685,1473391998
2025-02,서울,강남구,6979008,1410477226
2025-03,서울,강남구,7505689,1456898790
2025-04,서울,강남구,7825022,1539677458
2025-05,서울,강남구,7208175,1456347369
2025-06,서울,강남구,6907070,1407596143
2025-07,서울,강남구,7456129,1517694169
2025-08,서울,강남구,6953264,1412504370
2025-09,서울,강남구,7925967,1577316936
2025-10,서울,강남구,7159308,1385691720
2025-11,서울,강남구,8367374,1489254627
2025-12,서울,강남구,8054220,1562830255
2020-01,서울,강동구,5467643,966273504
2020-02,서울,강동구,4287463,801391460
2020-03,서울,강동구,4123120,817970670
2020-04,서울,강동구,4125302,851829302
2020-05,서울,강동구,4329870,878593465
2020-06,서울,강동구,4532426,935902183
2020-07,서울,강동구,4577253,934028602
2020-08,서울,강동구,4123462,847615312
2020-09,서울,강동구,4404486,907119566
2020-10,서울,강동구,4253840,876097390
2020-11,서울,강동구,4390215,874180649
2020-12,서울,강동구,4456494,923290303
2021-01,서울,강동구,4020434,842611474
2021-02,서울,강동구,3832415,803386022
2021-03,서울,강동구,4722244,966647304
2021-04,서울,강동구,4707659,952210432
2021-05,서울,강동구,4362241,877645519
2021-06,서울,강동구,4708835,958763487
2021-07,서울,강동구,4513796,929429364
2021-08,서울,강동구,4437935,927469637
2021-09,서울,강동구,4500341,919080604
2021-10,서울,강동구,4707674,926099954
2021-11,서울,강동구,5047290,963068259
2021-12,서울,강동구,4851023,962152253
2022-01,서울,강동구,4619813,908537233
2022-02,서울,강동구,5137071,882891354
2022-03,서울,강동구,8015891,1155658253
2022-04,서울,강동구,5911385,1045551178
2022-05,서울,강동구,5106583,1007067729
2022-06,서울,강동구,4931900,979453045
2022-07,서울,강동구,5630619,1039603028
2022-08,서울,강동구,6090518,1071929109
2022-09,서울,강동구,5636747,1032676721
2022-10,서울,강동구,5462118,995416369
2022-11,서울,강동구,5856375,1053937058
2022-12,서울,강동구,6266449,1089795301
2023-01,서울,강동구,5507445,1008168515
2023-02,서울,강동구,5019521,980281009
2023-03,서울,강동구,5907438,1107101032
2023-04,서울,강동구,6147963,1064241425
2023-05,서울,강동구,6542989,1135488478
2023-06,서울,강동구,6089972,1103072558
2023-07,서울,강동구,6425990,1100585435
2023-08,서울,강동구,6203173,1109739080
2023-09,서울,강동구,5999251,1035766988
2023-10,서울,강동구,6256797,1095769818
2023-11,서울,강동구,6309639,1110942368
2023-12,서울,강동구,6829020,1136906532
2024-01,서울,강동구,6293706,1143706704
2024-02,서울,강동구,5481478,1012350200
2024-03,서울,강동구,5686507,1070004852
2024-04,서울,강동구,5890394,1090574958
2024-05,서울,강동구,5760903,1081091243
2024-06,서울,강동구,5436040,1031439343
2024-07,서울,강동구,6351643,1163531866
2024-08,서울,강동구,6169062,1096614421
2024-09,서울,강동구,5457784,1026901634
2024-10,서울,강동구,5757205,1091368256
2024-11,서울,강동구,5692801,1074449034
2024-12,서울,강동구,6821652,1194802204
2025-01,서울,강동구,6448344,1095338653
2025-02,서울,강동구,5541132,1075400561
2025-03,서울,강동구,5860394,1103092243
2025-04,서울,강동구,6275971,1186336959
2025-05,서울,강동구,5942540,1139533445
2025-06,서울,강동구,5726058,1134226654
2025-07,서울,강동구,6104201,1199219721
2025-08,서울,강동구,5800194,1129956424
2025-09,서울,강동구,6604198,1253658712
2025-10,서울,강동구,5892825,1111110062
2025-11,서울,강동구,6804505,1151739936
2025-12,서울,강동구,6589170,1242723564
2020-01,서울,강북구,2565109,382004055
2020-02,서울,강북구,2022050,327599937
2020-03,서울,강북구,1924777,334074056
2020-04,서울,강북구,1832838,330212194
2020-05,서울,강북구,1945194,349321546
2020-06,서울,강북구,1956425,359572949
2020-07,서울,강북구,1950590,357719258
2020-08,서울,강북구,1839546,343326097
2020-09,서울,강북구,2028491,372204248
2020-10,서울,강북구,1950861,359032747
2020-11,서울,강북구,1944603,350662567
2020-12,서울,강북구,2016369,375268704
2021-01,서울,강북구,1811856,341162762
2021-02,서울,강북구,1765641,331472119
2021-03,서울,강북구,2114416,396098120
2021-04,서울,강북구,2092427,383817023
2021-05,서울,강북구,2016390,374081550
2021-06,서울,강북구,2044265,380422388
2021-07,서울,강북구,2031717,393854929
2021-08,서울,강북구,1957336,369926447
2021-09,서울,강북구,2025268,378280465
2021-10,서울,강북구,2108031,387651636
2021-11,서울,강북구,2216716,392817350
2021-12,서울,강북구,2179838,390907634
2022-01,서울,강북구,2019883,367796720
2022-02,서울,강북구,2219326,363601961
2022-03,서울,강북구,3689111,480674445
2022-04,서울,강북구,2759155,431953679
2022-05,서울,강북구,2276729,417120734
2022-06,서울,강북구,2068499,386704964
2022-07,서울,강북구,2362565,408856293
2022-08,서울,강북구,2752934,444236125
2022-09,서울,강북구,2479706,419184250
2022-10,서울,강북구,2425752,406616249
2022-11,서울,강북구,2619532,423007117
2022-12,서울,강북구,2933716,454840663
2023-01,서울,강북구,2459428,409947533
2023-02,서울,강북구,2229383,394196191
2023-03,서울,강북구,2564081,443354613
2023-04,서울,강북구,2630758,426393308
2023-05,서울,강북구,2890794,468651931
2023-06,서울,강북구,2595347,439503890
2023-07,서울,강북구,2749549,440096925
2023-08,서울,강북구,2606595,436154932
2023-09,서울,강북구,2543652,417844997
2023-10,서울,강북구,2791871,449492932
2023-11,서울,강북구,2791738,443784722
2023-12,서울,강북구,3061178,469546671
2024-01,서울,강북구,2800852,456878223
2024-02,서울,강북구,2487640,423429440
2024-03,서울,강북구,2494642,427214623
2024-04,서울,강북구,2609007,441672651
2024-05,서울,강북구,2571265,442572168
2024-06,서울,강북구,2380748,413228320
2024-07,서울,강북구,2640772,443604785
2024-08,서울,강북구,2816726,459196683
2024-09,서울,강북구,2414687,417878929
2024-10,서울,강북구,2538521,440958202
2024-11,서울,강북구,2542362,433564360
2024-12,서울,강북구,2992055,469542112
2025-01,서울,강북구,2888829,451869610
2025-02,서울,강북구,2352098,414194101
2025-03,서울,강북구,2523550,442043833
2025-04,서울,강북구,2606448,457007813
2025-05,서울,강북구,2492652,449516089
2025-06,서울,강북구,2288526,420640763
2025-07,서울,강북구,2340960,435308450
2025-08,서울,강북구,2303924,423038302
2025-09,서울,강북구,2649262,473631182
2025-10,서울,강북구,2453844,438894601
2025-11,서울,강북구,2685871,443753905
2025-12,서울,강북구,2774797,469919657
2020-01,서울,강서구,4361252,692135751
2020-02,서울,강서구,3259920,575894106
2020-03,서울,강서구,2996361,573141921
2020-04,서울,강서구,2899839,583921262
2020-05,서울,강서구,3158969,628362040
2020-06,서울,강서구,3236357,657036506
2020-07,서울,강서구,3326066,665674273
2020-08,서울,강서구,3051629,616008628
2020-09,서울,강서구,3262920,670308009
2020-10,서울,강서구,3118079,635716549
2020-11,서울,강서구,3204878,641261782
2020-12,서울,강서구,3153270,656654111
2021-01,서울,강서구,2899767,612379749
2021-02,서울,강서구,2818806,593916678
2021-03,서울,강서구,3530257,731161010
2021-04,서울,강서구,3511695,715179453
2021-05,서울,강서구,3384325,699669349
2021-06,서울,강서구,3437317,720546843
2021-07,서울,강서구,3369751,720575911
2021-08,서울,강서구,3264078,704063857
2021-09,서울,강서구,3356195,706826347
2021-10,서울,강서구,3557373,723781237
2021-11,서울,강서구,3884456,758819450
2021-12,서울,강서구,3600967,736166338
2022-01,서울,강서구,3529703,722730783
2022-02,서울,강서구,3957452,713928713
2022-03,서울,강서구,7009276,1007574576
2022-04,서울,강서구,4970164,867652889
2022-05,서울,강서구,4062008,842781869
2022-06,서울,강서구,3878660,804209274
2022-07,서울,강서구,4572605,859298294
2022-08,서울,강서구,5091936,902178556
2022-09,서울,강서구,4556713,849011100
2022-10,서울,강서구,4533859,830603999
2022-11,서울,강서구,4912455,883898068
2022-12,서울,강서구,5521187,938590736
2023-01,서울,강서구,4744645,867048883
2023-02,서울,강서구,4110600,813574506
2023-03,서울,강서구,4859833,937936002
2023-04,서울,강서구,5115317,899444432
2023-05,서울,강서구,5593372,967075542
2023-06,서울,강서구,5039593,918991424
2023-07,서울,강서구,5457757,917964502
2023-08,서울,강서구,5237261,927862387
2023-09,서울,강서구,4988746,852962187
2023-10,서울,강서구,5360221,931577257
2023-11,서울,강서구,5403945,938586290
2023-12,서울,강서구,5925380,966085371
2024-01,서울,강서구,5530463,980945906
2024-02,서울,강서구,4719480,877890356
2024-03,서울,강서구,4758443,896872115
2024-04,서울,강서구,4923207,932917984
2024-05,서울,강서구,4930985,944202588
2024-06,서울,강서구,4568204,882639139
2024-07,서울,강서구,5266550,962973681
2024-08,서울,강서구,5375105,962942243
2024-09,서울,강서구,4503795,857816670
2024-10,서울,강서구,4755138,928714084
2024-11,서울,강서구,4738764,911690541
2024-12,서울,강서구,5808202,1009325593
2025-01,서울,강서구,5692303,972827384
2025-02,서울,강서구,4398264,876252729
2025-03,서울,강서구,4854406,947797218
2025-04,서울,강서구,4988885,970062775
2025-05,서울,강서구,4694432,939156506
2025-06,서울,강서구,4335872,879614419
2025-07,서울,강서구,4695151,943438250
2025-08,서울,강서구,4570431,915699742
2025-09,서울,강서구,5067868,1006803635
2025-10,서울,강서구,4676856,903116841
2025-11,서울,강서구,5521152,956250243
2025-12,서울,강서구,5338229,991232940
2020-01,서울,관악구,3273061,457794923
2020-02,서울,관악구,2412904,375296357
2020-03,서울,관악구,2233670,363634270
2020-04,서울,관악구,2104266,363008625
2020-05,서울,관악구,2276857,394326063
2020-06,서울,관악구,2253660,392893793
2020-07,서울,관악구,2277522,396110338
2020-08,서울,관악구,2152382,378074188
2020-09,서울,관악구,2354376,407545846
2020-10,서울,관악구,2197206,374143658
2020-11,서울,관악구,2248999,379922944
2020-12,서울,관악구,2232493,383715799
2021-01,서울,관악구,2004716,353801669
2021-02,서울,관악구,1956415,343941137
2021-03,서울,관악구,2366463,408905751
2021-04,서울,관악구,2390330,403810471
2021-05,서울,관악구,2283352,389195669
2021-06,서울,관악구,2312052,395328963
2021-07,서울,관악구,2278510,406490235
2021-08,서울,관악구,2205944,395494615
2021-09,서울,관악구,2327357,407919692
2021-10,서울,관악구,2410920,414182694
2021-11,서울,관악구,2596831,428951818
2021-12,서울,관악구,2489952,421766815
2022-01,서울,관악구,2341546,398770984
2022-02,서울,관악구,2731839,414641037
2022-03,서울,관악구,5171100,630365533
2022-04,서울,관악구,3529820,512406505
2022-05,서울,관악구,2631202,456417844
2022-06,서울,관악구,2454390,430646992
2022-07,서울,관악구,3011598,469683575
2022-08,서울,관악구,3437190,509501798
2022-09,서울,관악구,2970416,467810455
2022-10,서울,관악구,2889712,463013380
2022-11,서울,관악구,3190166,489073702
2022-12,서울,관악구,3650590,544214703
2023-01,서울,관악구,3077406,488883509
2023-02,서울,관악구,2637615,452288249
2023-03,서울,관악구,3107616,512895026
2023-04,서울,관악구,3314166,516956048
2023-05,서울,관악구,3598067,539157284
2023-06,서울,관악구,3130820,499172530
2023-07,서울,관악구,3323746,501844333
2023-08,서울,관악구,3237133,501093466
2023-09,서울,관악구,3112724,470980310
2023-10,서울,관악구,3397194,512407105
2023-11,서울,관악구,3512782,520836376
2023-12,서울,관악구,3841936,556390568
2024-01,서울,관악구,3549957,536871316
2024-02,서울,관악구,3039596,475830967
2024-03,서울,관악구,3071321,489655681
2024-04,서울,관악구,3160600,503267752
2024-05,서울,관악구,3182710,513850397
2024-06,서울,관악구,2871731,467173702
2024-07,서울,관악구,3306408,515882996
2024-08,서울,관악구,3497352,522309043
2024-09,서울,관악구,2880692,466017909
2024-10,서울,관악구,3076746,494891227
2024-11,서울,관악구,3115770,491453742
2024-12,서울,관악구,3770538,552909800
2025-01,서울,관악구,3783795,544187280
2025-02,서울,관악구,2812296,461096622
2025-03,서울,관악구,3150601,511440303
2025-04,서울,관악구,3187187,514566746
2025-05,서울,관악구,3053764,507478158
2025-06,서울,관악구,2730407,466559395
2025-07,서울,관악구,2935286,503235588
2025-08,서울,관악구,2821945,480847712
2025-09,서울,관악구,3256364,547995162
2025-10,서울,관악구,3085746,501423386
2025-11,서울,관악구,3472451,517324111
2025-12,서울,관악구,3312146,536808594
2020-01,서울,광진구,2846244,468000368
2020-02,서울,광진구,2174922,401887962
2020-03,서울,광진구,2010211,406969152
2020-04,서울,광진구,1920203,404320171
2020-05,서울,광진구,2083533,440531413
2020-06,서울,광진구,2136086,458063563
2020-07,서울,광진구,2137371,456466922
2020-08,서울,광진구,1972760,416272434
2020-09,서울,광진구,2079919,440235356
2020-10,서울,광진구,1996088,423990963
2020-11,서울,광진구,2077948,434663135
2020-12,서울,광진구,2029770,437410280
2021-01,서울,광진구,1843804,409013838
2021-02,서울,광진구,1787625,391915767
2021-03,서울,광진구,2250290,496790656
2021-04,서울,광진구,2189301,466660105
2021-05,서울,광진구,2111937,458946671
2021-06,서울,광진구,2110370,458871359
2021-07,서울,광진구,2101445,476351567
2021-08,서울,광진구,2022456,458611273
2021-09,서울,광진구,2028846,441750614
2021-10,서울,광진구,2184410,468539783
2021-11,서울,광진구,2345356,473309937
2021-12,서울,광진구,2219508,463407841
2022-01,서울,광진구,2147942,456867735
2022-02,서울,광진구,2368144,418346637
2022-03,서울,광진구,4341428,615849953
2022-04,서울,광진구,2941035,531709768
2022-05,서울,광진구,2418519,501503700
2022-06,서울,광진구,2240785,477026966
2022-07,서울,광진구,2738900,523606521
2022-08,서울,광진구,3044566,557206518
2022-09,서울,광진구,2712998,511205568
2022-10,서울,광진구,2638416,495346698
2022-11,서울,광진구,2847282,524136176
2022-12,서울,광진구,3230102,565286156
2023-01,서울,광진구,2771582,523143285
2023-02,서울,광진구,2430173,486166966
2023-03,서울,광진구,2864626,553160017
2023-04,서울,광진구,3117020,540951235
2023-05,서울,광진구,3296021,589334181
2023-06,서울,광진구,2936931,553278576
2023-07,서울,광진구,3123170,549156219
2023-08,서울,광진구,3070414,567572985
2023-09,서울,광진구,2982613,536585469
2023-10,서울,광진구,3136630,566220125
2023-11,서울,광진구,3262523,573850447
2023-12,서울,광진구,3475814,594526563
2024-01,서울,광진구,3277555,607377133
2024-02,서울,광진구,2766198,528831143
2024-03,서울,광진구,2897397,566597425
2024-04,서울,광진구,2995972,579295783
2024-05,서울,광진구,2889085,556807899
2024-06,서울,광진구,2675518,523358019
2024-07,서울,광진구,3118008,582244569
2024-08,서울,광진구,3151369,569461285
2024-09,서울,광진구,2708210,527164243
2024-10,서울,광진구,2908804,576492867
2024-11,서울,광진구,2891558,551059973
2024-12,서울,광진구,3466932,604840165
2025-01,서울,광진구,3399575,590109065
2025-02,서울,광진구,2656838,527102681
2025-03,서울,광진구,2944401,573239545
2025-04,서울,광진구,3100792,604458463
2025-05,서울,광진구,2862059,570417061
2025-06,서울,광진구,2693263,558492620
2025-07,서울,광진구,2813821,570688219
2025-08,서울,광진구,2737928,557478454
2025-09,서울,광진구,3069445,620587029
2025-10,서울,광진구,2833473,554069632
2025-11,서울,광진구,3346038,594106936
2025-12,서울,광진구,3256746,626075018
2020-01,서울,구로구,3504085,510615295
2020-02,서울,구로구,2553062,411731890
2020-03,서울,구로구,2371893,414955458
2020-04,서울,구로구,2256213,412527861
2020-05,서울,구로구,2399375,430675340
2020-06,서울,구로구,2412808,445324652
2020-07,서울,구로구,2489208,463786302
2020-08,서울,구로구,2231814,408843095
2020-09,서울,구로구,2507214,461789235
2020-10,서울,구로구,2393490,434666488
2020-11,서울,구로구,2474616,446759832
2020-12,서울,구로구,2456554,459525805
2021-01,서울,구로구,2180640,408680559
2021-02,서울,구로구,2079363,390903840
2021-03,서울,구로구,2661586,493635458
2021-04,서울,구로구,2594289,472851682
2021-05,서울,구로구,2463194,453322074
2021-06,서울,구로구,2550905,473286032
2021-07,서울,구로구,2421886,465359563
2021-08,서울,구로구,2300679,440453222
2021-09,서울,구로구,2497430,472224270
2021-10,서울,구로구,2630464,472502715
2021-11,서울,구로구,2914957,510526441
2021-12,서울,구로구,2769599,501782650
2022-01,서울,구로구,2654484,482185678
2022-02,서울,구로구,2989923,473861292
2022-03,서울,구로구,5422859,680863446
2022-04,서울,구로구,3732361,564134655
2022-05,서울,구로구,2955915,541616250
2022-06,서울,구로구,2672188,496106455
2022-07,서울,구로구,3196615,531129550
2022-08,서울,구로구,3730174,571220683
2022-09,서울,구로구,3351530,542719081
2022-10,서울,구로구,3208338,528088163
2022-11,서울,구로구,3565507,572031366
2022-12,서울,구로구,4048128,625409255
2023-01,서울,구로구,3458250,566649062
2023-02,서울,구로구,2934285,519927899
2023-03,서울,구로구,3428441,575687471
2023-04,서울,구로구,3736095,588888105
2023-05,서울,구로구,4065194,626079730
2023-06,서울,구로구,3669805,593291584
2023-07,서울,구로구,3997163,587788481
2023-08,서울,구로구,3842394,601563053
2023-09,서울,구로구,3640463,562258951
2023-10,서울,구로구,3871612,612281367
2023-11,서울,구로구,3960450,624757699
2023-12,서울,구로구,4294292,636066269
2024-01,서울,구로구,4059138,643760380
2024-02,서울,구로구,3409367,562633174
2024-03,서울,구로구,3392693,561344769
2024-04,서울,구로구,3642933,609059119
2024-05,서울,구로구,3514942,588842065
2024-06,서울,구로구,3220659,542411587
2024-07,서울,구로구,3770940,607205645
2024-08,서울,구로구,3913120,605791372
2024-09,서울,구로구,3279161,548396487
2024-10,서울,구로구,3488172,602096231
2024-11,서울,구로구,3461487,584844925
2024-12,서울,구로구,4276878,666534057
2025-01,서울,구로구,4182906,638439974
2025-02,서울,구로구,3198466,549753742
2025-03,서울,구로구,3520403,591405881
2025-04,서울,구로구,3689073,635245387
2025-05,서울,구로구,3423389,592638805
2025-06,서울,구로구,3153244,564943232
2025-07,서울,구로구,3372844,602227668
2025-08,서울,구로구,3258011,569908959
2025-09,서울,구로구,3735759,642284168
2025-10,서울,구로구,3468250,587230590
2025-11,서울,구로구,4135662,613068416
2025-12,서울,구로구,3874810,635101204
2020-01,서울,금천구,2064148,288286055
2020-02,서울,금천구,1518504,233001014
2020-03,서울,금천구,1408687,233199816
2020-04,서울,금천구,1356342,233606873
2020-05,서울,금천구,1441720,248514106
2020-06,서울,금천구,1475216,258104769
2020-07,서울,금천구,1479482,259451938
2020-08,서울,금천구,1391575,243928686
2020-09,서울,금천구,1497498,260017863
2020-10,서울,금천구,1455934,254046909
2020-11,서울,금천구,1466149,249844242
2020-12,서울,금천구,1457826,255928283
2021-01,서울,금천구,1318785,236928817
2021-02,서울,금천구,1299788,232417465
2021-03,서울,금천구,1582493,281362833
2021-04,서울,금천구,1589520,279447869
2021-05,서울,금천구,1520279,270347812
2021-06,서울,금천구,1543564,276155121
2021-07,서울,금천구,1526849,284021479
2021-08,서울,금천구,1477597,275605935
2021-09,서울,금천구,1547924,281521908
2021-10,서울,금천구,1620392,284669609
2021-11,서울,금천구,1746232,293328013
2021-12,서울,금천구,1707937,296426221
2022-01,서울,금천구,1615010,279757683
2022-02,서울,금천구,1800313,282887340
2022-03,서울,금천구,3029586,381829641
2022-04,서울,금천구,2142321,333761035
2022-05,서울,금천구,1766757,315130517
2022-06,서울,금천구,1651823,300761896
2022-07,서울,금천구,1882999,316245421
2022-08,서울,금천구,2179272,346395256
2022-09,서울,금천구,1945877,323392901
2022-10,서울,금천구,1942742,322496833
2022-11,서울,금천구,2130160,343742189
2022-12,서울,금천구,2358928,366609576
2023-01,서울,금천구,2068031,341243887
2023-02,서울,금천구,1828682,315848735
2023-03,서울,금천구,2128816,359625015
2023-04,서울,금천구,2282897,364617827
2023-05,서울,금천구,2469094,388259288
2023-06,서울,금천구,2187061,357631964
2023-07,서울,금천구,2288935,358253759
2023-08,서울,금천구,2259721,364697737
2023-09,서울,금천구,2108806,335928981
2023-10,서울,금천구,2324597,370756076
2023-11,서울,금천구,2458100,373858637
2023-12,서울,금천구,2640082,386216061
2024-01,서울,금천구,2522987,394854376
2024-02,서울,금천구,2146294,348770058
2024-03,서울,금천구,2171384,358105229
2024-04,서울,금천구,2263656,370968692
2024-05,서울,금천구,2222844,374197218
2024-06,서울,금천구,1955172,331230581
2024-07,서울,금천구,2322527,374799461
2024-08,서울,금천구,2361462,368641799
2024-09,서울,금천구,1993493,335430637
2024-10,서울,금천구,2103943,351966586
2024-11,서울,금천구,2154013,353859648
2024-12,서울,금천구,2565642,388748031
2025-01,서울,금천구,2546757,382853018
2025-02,서울,금천구,1990437,336798151
2025-03,서울,금천구,2154501,361531664
2025-04,서울,금천구,2249158,376684649
2025-05,서울,금천구,2075886,359487539
2025-06,서울,금천구,1861402,329160564
2025-07,서울,금천구,1990456,348955570
2025-08,서울,금천구,1939496,339029281
2025-09,서울,금천구,2197163,377983713
2025-10,서울,금천구,2029882,351184350
2025-11,서울,금천구,2350013,367886166
2025-12,서울,금천구,2255350,368933630
2020-01,서울,노원구,4283939,703792302
2020-02,서울,노원구,3244457,595039383
2020-03,서울,노원구,2988302,590833443
2020-04,서울,노원구,2900722,596992402
2020-05,서울,노원구,3106561,626855581
2020-06,서울,노원구,3160362,649751602
2020-07,서울,노원구,3235138,670389512
2020-08,서울,노원구,2964214,614938550
2020-09,서울,노원구,3169884,659830098
2020-10,서울,노원구,3013589,616252383
2020-11,서울,노원구,3131216,639719908
2020-12,서울,노원구,3082147,642841874
2021-01,서울,노원구,2775269,592497273
2021-02,서울,노원구,2701481,568738060
2021-03,서울,노원구,3282049,680978262
2021-04,서울,노원구,3204763,660301422
2021-05,서울,노원구,3108642,640316785
2021-06,서울,노원구,3161891,654535581
2021-07,서울,노원구,3093402,650120224
2021-08,서울,노원구,3038443,650336306
2021-09,서울,노원구,3175485,655134997
2021-10,서울,노원구,3262010,652965254
2021-11,서울,노원구,3539480,680878545
2021-12,서울,노원구,3397116,688593789
2022-01,서울,노원구,3167414,631580669
2022-02,서울,노원구,3633449,635393664
2022-03,서울,노원구,6489012,900693097
2022-04,서울,노원구,4595789,793949493
2022-05,서울,노원구,3598506,710792883
2022-06,서울,노원구,3399674,694988540
2022-07,서울,노원구,4031813,731301314
2022-08,서울,노원구,4617455,789474332
2022-09,서울,노원구,4104300,733056845
2022-10,서울,노원구,4016570,719860113
2022-11,서울,노원구,4378843,777424530
2022-12,서울,노원구,4874357,810237698
2023-01,서울,노원구,4112995,750890852
2023-02,서울,노원구,3549280,694255359
2023-03,서울,노원구,4266856,807886062
2023-04,서울,노원구,4466403,772694471
2023-05,서울,노원구,4791597,830278417
2023-06,서울,노원구,4343115,782492123
2023-07,서울,노원구,4628667,777870124
2023-08,서울,노원구,4523226,785638285
2023-09,서울,노원구,4412182,751015346
2023-10,서울,노원구,4672038,800570611
2023-11,서울,노원구,4837186,826166998
2023-12,서울,노원구,5095601,809902759
2024-01,서울,노원구,4674795,828212239
2024-02,서울,노원구,3982485,739934015
2024-03,서울,노원구,4154767,756032658
2024-04,서울,노원구,4282756,790319928
2024-05,서울,노원구,4257490,784822400
2024-06,서울,노원구,3888581,722985086
2024-07,서울,노원구,4548992,825297630
2024-08,서울,노원구,4640113,814774535
2024-09,서울,노원구,3955190,735097559
2024-10,서울,노원구,4173933,786393000
2024-11,서울,노원구,4143058,761947731
2024-12,서울,노원구,4953429,843829232
2025-01,서울,노원구,4799408,796000931
2025-02,서울,노원구,3801493,738144710
2025-03,서울,노원구,4150205,766413608
2025-04,서울,노원구,4349993,825913803
2025-05,서울,노원구,4022132,770494884
2025-06,서울,노원구,3746633,741682793
2025-07,서울,노원구,3951263,796919319
2025-08,서울,노원구,3800851,749136402
2025-09,서울,노원구,4370219,847098556
2025-10,서울,노원구,4019890,766123979
2025-11,서울,노원구,4673028,805412056
2025-12,서울,노원구,4694705,831097890
2020-01,서울,도봉구,2384944,349622256
2020-02,서울,도봉구,1828640,299165587
2020-03,서울,도봉구,1626650,287609629
2020-04,서울,도봉구,1560338,292120731
2020-05,서울,도봉구,1644539,300514054
2020-06,서울,도봉구,1681794,316884777
2020-07,서울,도봉구,1677717,310451417
2020-08,서울,도봉구,1545367,286898830
2020-09,서울,도봉구,1679023,308658680
2020-10,서울,도봉구,1586897,290583268
2020-11,서울,도봉구,1642810,296365631
2020-12,서울,도봉구,1625886,303018898
2021-01,서울,도봉구,1447020,274053538
2021-02,서울,도봉구,1402986,266477177
2021-03,서울,도봉구,1723305,318775384
2021-04,서울,도봉구,1727221,317907239
2021-05,서울,도봉구,1675087,312404307
2021-06,서울,도봉구,1641365,306046922
2021-07,서울,도봉구,1621208,312562700
2021-08,서울,도봉구,1591626,308162420
2021-09,서울,도봉구,1650730,306688362
2021-10,서울,도봉구,1725146,310313081
2021-11,서울,도봉구,1938173,326082311
2021-12,서울,도봉구,1769702,317074182
2022-01,서울,도봉구,1668720,302009486
2022-02,서울,도봉구,1960131,308160561
2022-03,서울,도봉구,3490837,426702574
2022-04,서울,도봉구,2348959,358233534
2022-05,서울,도봉구,1874354,335928527
2022-06,서울,도봉구,1732178,313170839
2022-07,서울,도봉구,2073260,333901012
2022-08,서울,도봉구,2362506,364965371
2022-09,서울,도봉구,2108570,338699054
2022-10,서울,도봉구,2102392,338838072
2022-11,서울,도봉구,2250949,351210348
2022-12,서울,도봉구,2514264,369181028
2023-01,서울,도봉구,2149025,341038062
2023-02,서울,도봉구,1884049,322399589
2023-03,서울,도봉구,2231760,374357078
2023-04,서울,도봉구,2345425,357687468
2023-05,서울,도봉구,2567478,395995544
2023-06,서울,도봉구,2259308,368952105
2023-07,서울,도봉구,2452690,360944532
2023-08,서울,도봉구,2357720,366730225
2023-09,서울,도봉구,2243844,341088459
2023-10,서울,도봉구,2535424,380139773
2023-11,서울,도봉구,2541208,376518482
2023-12,서울,도봉구,2749487,386276873
2024-01,서울,도봉구,2531052,392079158
2024-02,서울,도봉구,2190687,356873715
2024-03,서울,도봉구,2278138,370231163
2024-04,서울,도봉구,2342241,384945800
2024-05,서울,도봉구,2362287,392042954
2024-06,서울,도봉구,2122982,351468089
2024-07,서울,도봉구,2461334,391224328
2024-08,서울,도봉구,2631978,395435685
2024-09,서울,도봉구,2161528,354875499
2024-10,서울,도봉구,2249126,378697395
2024-11,서울,도봉구,2301898,382808735
2024-12,서울,도봉구,2726122,416505635
2025-01,서울,도봉구,2743010,408141743
2025-02,서울,도봉구,2128346,367421977
2025-03,서울,도봉구,2308667,392187465
2025-04,서울,도봉구,2348254,405324021
2025-05,서울,도봉구,2197928,395403709
2025-06,서울,도봉구,1991852,363815241
2025-07,서울,도봉구,2110060,387442306
2025-08,서울,도봉구,2105093,375903863
2025-09,서울,도봉구,2416043,419103317
2025-10,서울,도봉구,2157848,375619167
2025-11,서울,도봉구,2574978,397048088
2025-12,서울,도봉구,2524469,412283418
2020-01,서울,동대문구,3818988,684486806
2020-02,서울,동대문구,3070795,600496644
2020-03,서울,동대문구,2857685,587027766
2020-04,서울,동대문구,2836217,612955961
2020-05,서울,동대문구,3004598,641042650
2020-06,서울,동대문구,3083138,664842334
2020-07,서울,동대문구,3063809,662881350
2020-08,서울,동대문구,2812569,604125658
2020-09,서울,동대문구,3001597,643500720
2020-10,서울,동대문구,2998794,638355590
2020-11,서울,동대문구,3166482,673652194
2020-12,서울,동대문구,3085327,665084517
2021-01,서울,동대문구,2766451,592585804
2021-02,서울,동대문구,2675112,584547494
2021-03,서울,동대문구,3258953,687998977
2021-04,서울,동대문구,3174124,661695839
2021-05,서울,동대문구,3075707,645551055
2021-06,서울,동대문구,3229144,691357388
2021-07,서울,동대문구,3086532,666657441
2021-08,서울,동대문구,2989495,649223760
2021-09,서울,동대문구,3098776,657404455
2021-10,서울,동대문구,3187072,653119772
2021-11,서울,동대문구,3449049,686507400
2021-12,서울,동대문구,3316120,692184278
2022-01,서울,동대문구,3115492,630882403
2022-02,서울,동대문구,3300266,617441893
2022-03,서울,동대문구,5080687,776399838
2022-04,서울,동대문구,3789674,699651664
2022-05,서울,동대문구,3401401,706114427
2022-06,서울,동대문구,3198329,673082596
2022-07,서울,동대문구,3616517,710720255
2022-08,서울,동대문구,3974761,745667919
2022-09,서울,동대문구,3698963,723145742
2022-10,서울,동대문구,3699725,715171184
2022-11,서울,동대문구,3954802,756519081
2022-12,서울,동대문구,4200920,773739795
2023-01,서울,동대문구,3645613,705697247
2023-02,서울,동대문구,3342272,674544617
2023-03,서울,동대문구,3909909,764849334
2023-04,서울,동대문구,4019015,736267353
2023-05,서울,동대문구,4338503,785992635
2023-06,서울,동대문구,3990357,761815651
2023-07,서울,동대문구,4120478,727669974
2023-08,서울,동대문구,4097055,758213393
2023-09,서울,동대문구,3835227,704113583
2023-10,서울,동대문구,4240173,772330682
2023-11,서울,동대문구,4223935,766704416
2023-12,서울,동대문구,4401654,764968935
2024-01,서울,동대문구,4156951,769807034
2024-02,서울,동대문구,3646440,694258738
2024-03,서울,동대문구,3738525,721810838
2024-04,서울,동대문구,3866729,740023557
2024-05,서울,동대문구,3826375,731701934
2024-06,서울,동대문구,3546716,684975188
2024-07,서울,동대문구,3918969,726727094
2024-08,서울,동대문구,3981519,729511269
2024-09,서울,동대문구,3480956,672169707
2024-10,서울,동대문구,3706329,721397249
2024-11,서울,동대문구,3648969,702856207
2024-12,서울,동대문구,4351047,758313195
2025-01,서울,동대문구,4087211,700397597
2025-02,서울,동대문구,3371179,653952108
2025-03,서울,동대문구,3642666,686887312
2025-04,서울,동대문구,3902651,744378324
2025-05,서울,동대문구,3590462,698317177
2025-06,서울,동대문구,3368748,676438705
2025-07,서울,동대문구,3636615,710903902
2025-08,서울,동대문구,3439781,667374552
2025-09,서울,동대문구,4012580,766779487
2025-10,서울,동대문구,3598774,683315922
2025-11,서울,동대문구,4108666,705489487
2025-12,서울,동대문구,3992384,749668857
2020-01,서울,동작구,3346200,588269712
2020-02,서울,동작구,2555946,493827554
2020-03,서울,동작구,2404841,495620833
2020-04,서울,동작구,2360574,508120020
2020-05,서울,동작구,2459494,524388303
2020-06,서울,동작구,2625397,567052495
2020-07,서울,동작구,2650304,574701737
2020-08,서울,동작구,2336199,507296197
2020-09,서울,동작구,2550720,554569048
2020-10,서울,동작구,2410129,511524326
2020-11,서울,동작구,2499255,527638047
2020-12,서울,동작구,2459039,528401901
2021-01,서울,동작구,2280624,498821375
2021-02,서울,동작구,2107786,458503904
2021-03,서울,동작구,2639923,574003620
2021-04,서울,동작구,2607797,549942564
2021-05,서울,동작구,2539395,530353165
2021-06,서울,동작구,2618743,556589987
2021-07,서울,동작구,2593731,566388408
2021-08,서울,동작구,2519730,550224897
2021-09,서울,동작구,2572223,550970590
2021-10,서울,동작구,2648355,551940458
2021-11,서울,동작구,2909225,590828920
2021-12,서울,동작구,2715624,568291546
2022-01,서울,동작구,2658631,566943126
2022-02,서울,동작구,2744407,507248383
2022-03,서울,동작구,4679171,685885157
2022-04,서울,동작구,3386092,599375406
2022-05,서울,동작구,2810196,584055061
2022-06,서울,동작구,2605780,542450600
2022-07,서울,동작구,3099677,601703661
2022-08,서울,동작구,3464588,625391363
2022-09,서울,동작구,3162966,600668359
2022-10,서울,동작구,3041737,567047919
2022-11,서울,동작구,3360828,621003036
2022-12,서울,동작구,3627337,632297714
2023-01,서울,동작구,3164636,593762851
2023-02,서울,동작구,2812378,559611673
2023-03,서울,동작구,3391094,646577301
2023-04,서울,동작구,3617509,639055130
2023-05,서울,동작구,3894345,681465506
2023-06,서울,동작구,3482324,631804319
2023-07,서울,동작구,3733422,637589511
2023-08,서울,동작구,3571479,643959906
2023-09,서울,동작구,3462934,611364012
2023-10,서울,동작구,3526621,631856589
2023-11,서울,동작구,3669251,660865936
2023-12,서울,동작구,3816737,658797372
2024-01,서울,동작구,3737594,704576707
2024-02,서울,동작구,3175297,618252647
2024-03,서울,동작구,3234247,638179000
2024-04,서울,동작구,3314373,645868479
2024-05,서울,동작구,3281099,639780242
2024-06,서울,동작구,3043129,604940149
2024-07,서울,동작구,3567646,683947660
2024-08,서울,동작구,3491975,644262919
2024-09,서울,동작구,2915446,572239533
2024-10,서울,동작구,3208189,647939359
2024-11,서울,동작구,3226976,632437379
2024-12,서울,동작구,3838295,672322757
2025-01,서울,동작구,3619571,630678738
2025-02,서울,동작구,2868327,574356779
2025-03,서울,동작구,3185212,632159223
2025-04,서울,동작구,3373218,677757738
2025-05,서울,동작구,3080920,624659704
2025-06,서울,동작구,2879854,604315058
2025-07,서울,동작구,3192273,665678901
2025-08,서울,동작구,2960749,607469953
2025-09,서울,동작구,3446773,700278225
2025-10,서울,동작구,3166961,622982502
2025-11,서울,동작구,3643639,645252697
2025-12,서울,동작구,3523672,692839431
2020-01,서울,마포구,2600808,334533622
2020-02,서울,마포구,1775512,252581096
2020-03,서울,마포구,1542193,240288235
2020-04,서울,마포구,1421017,237294397
2020-05,서울,마포구,1545403,254932575
2020-06,서울,마포구,1574448,260069389
2020-07,서울,마포구,1583964,260693422
2020-08,서울,마포구,1446943,238281750
2020-09,서울,마포구,1544993,258303699
2020-10,서울,마포구,1484157,243989594
2020-11,서울,마포구,1571825,251309982
2020-12,서울,마포구,1519105,257636611
2021-01,서울,마포구,1324081,226227164
2021-02,서울,마포구,1309170,224681750
2021-03,서울,마포구,1632053,264371613
2021-04,서울,마포구,1685403,263496287
2021-05,서울,마포구,1573837,251684099
2021-06,서울,마포구,1600814,255564948
2021-07,서울,마포구,1532753,257408356
2021-08,서울,마포구,1457989,247343677
2021-09,서울,마포구,1531907,252841001
2021-10,서울,마포구,1665834,261842592
2021-11,서울,마포구,1892662,281970964
2021-12,서울,마포구,1711191,265777152
2022-01,서울,마포구,1570690,246661604
2022-02,서울,마포구,2032351,273141796
2022-03,서울,마포구,3955288,434111758
2022-04,서울,마포구,2515764,339084901
2022-05,서울,마포구,1879243,295876567
2022-06,서울,마포구,1736037,277130946
2022-07,서울,마포구,2241525,321144253
2022-08,서울,마포구,2614437,351259439
2022-09,서울,마포구,2209526,316172287
2022-10,서울,마포구,2234103,308887449
2022-11,서울,마포구,2522222,345289503
2022-12,서울,마포구,2971702,384082678
2023-01,서울,마포구,2411572,338045490
2023-02,서울,마포구,1985214,300339672
2023-03,서울,마포구,2499476,358695438
2023-04,서울,마포구,2803034,370449371
2023-05,서울,마포구,3012836,392778632
2023-06,서울,마포구,2566011,353692943
2023-07,서울,마포구,2758518,361741431
2023-08,서울,마포구,2595951,355406069
2023-09,서울,마포구,2571986,345540864
2023-10,서울,마포구,2716362,367488742
2023-11,서울,마포구,2906518,383458739
2023-12,서울,마포구,3190147,412039099
2024-01,서울,마포구,2794143,390854494
2024-02,서울,마포구,2283580,332790803
2024-03,서울,마포구,2428134,350887368
2024-04,서울,마포구,2507972,366829718
2024-05,서울,마포구,2449185,360486763
2024-06,서울,마포구,2248028,328467888
2024-07,서울,마포구,2645311,368195972
2024-08,서울,마포구,2795926,380876510
2024-09,서울,마포구,2241749,327476547
2024-10,서울,마포구,2384379,352303341
2024-11,서울,마포구,2399343,349781264
2024-12,서울,마포구,3075246,414506088
2025-01,서울,마포구,3037817,402131979
2025-02,서울,마포구,2097180,322184245
2025-03,서울,마포구,2468041,368595217
2025-04,서울,마포구,2544685,381654021
2025-05,서울,마포구,2333977,362601813
2025-06,서울,마포구,2095072,333376677
2025-07,서울,마포구,2175172,342876037
2025-08,서울,마포구,2154810,335599406
2025-09,서울,마포구,2458506,379343557
2025-10,서울,마포구,2347968,352473901
2025-11,서울,마포구,2813966,377347566
2025-12,서울,마포구,2738591,387914529
2020-01,서울,서대문구,2844809,556174165
2020-02,서울,서대문구,2161918,456894341
2020-03,서울,서대문구,2142613,493742019
2020-04,서울,서대문구,2069900,494024035
2020-05,서울,서대문구,2135219,498508767
2020-06,서울,서대문구,2197150,521091904
2020-07,서울,서대문구,2256196,546067658
2020-08,서울,서대문구,2002448,485638138
2020-09,서울,서대문구,2158602,506386012
2020-10,서울,서대문구,2122426,508100021
2020-11,서울,서대문구,2182924,516457789
2020-12,서울,서대문구,2074644,509366354
2021-01,서울,서대문구,1955854,480002925
2021-02,서울,서대문구,1862246,461314326
2021-03,서울,서대문구,2370266,570910025
2021-04,서울,서대문구,2373503,571763795
2021-05,서울,서대문구,2140927,502306087
2021-06,서울,서대문구,2285637,534275560
2021-07,서울,서대문구,2241197,543471385
2021-08,서울,서대문구,2302145,561880709
2021-09,서울,서대문구,2268254,531181438
2021-10,서울,서대문구,2356407,546213491
2021-11,서울,서대문구,2575310,576313541
2021-12,서울,서대문구,2417614,570997684
2022-01,서울,서대문구,2304301,526240292
2022-02,서울,서대문구,2435031,507139313
2022-03,서울,서대문구,3883150,641177810
2022-04,서울,서대문구,2934961,606730485
2022-05,서울,서대문구,2529840,573335064
2022-06,서울,서대문구,2323761,543215210
2022-07,서울,서대문구,2768474,621017256
2022-08,서울,서대문구,3081860,640780792
2022-09,서울,서대문구,2723106,594022684
2022-10,서울,서대문구,2751100,597910052
2022-11,서울,서대문구,2996997,648147931
2022-12,서울,서대문구,3137269,640423059
2023-01,서울,서대문구,2864619,618582005
2023-02,서울,서대문구,2521534,573559706
2023-03,서울,서대문구,3000050,668226246
2023-04,서울,서대문구,3122556,648544891
2023-05,서울,서대문구,3328465,671013604
2023-06,서울,서대문구,3016112,640085574
2023-07,서울,서대문구,3116017,633096217
2023-08,서울,서대문구,3131302,664771500
2023-09,서울,서대문구,3025713,620544491
2023-10,서울,서대문구,3171914,644621612
2023-11,서울,서대문구,3258047,672864539
2023-12,서울,서대문구,3292860,654553416
2024-01,서울,서대문구,3219798,685044991
2024-02,서울,서대문구,2685722,583966504
2024-03,서울,서대문구,2684267,595674899
2024-04,서울,서대문구,2833547,626393413
2024-05,서울,서대문구,2801219,605590661
2024-06,서울,서대문구,2576601,567979508
2024-07,서울,서대문구,3004745,642978481
2024-08,서울,서대문구,3037998,615955100
2024-09,서울,서대문구,2637419,564658752
2024-10,서울,서대문구,2818063,622699536
2024-11,서울,서대문구,2763802,605311246
2024-12,서울,서대문구,3158842,641537717
2025-01,서울,서대문구,3103984,612034705
2025-02,서울,서대문구,2516679,576450779
2025-03,서울,서대문구,2716148,597217918
2025-04,서울,서대문구,2904445,659856645
2025-05,서울,서대문구,2674610,611312717
2025-06,서울,서대문구,2523162,602783691
2025-07,서울,서대문구,2695197,638627743
2025-08,서울,서대문구,2598816,613247397
2025-09,서울,서대문구,2970677,682860800
2025-10,서울,서대문구,2669656,599504511
2025-11,서울,서대문구,3027151,641351787
2025-12,서울,서대문구,3054109,672788807
2020-01,서울,서초구,4305954,717656210
2020-02,서울,서초구,3178457,588076959
2020-03,서울,서초구,2867521,551242418
2020-04,서울,서초구,2843674,580663641
2020-05,서울,서초구,3060298,614890287
2020-06,서울,서초구,3239488,658040222
2020-07,서울,서초구,3366084,679399876
2020-08,서울,서초구,2993764,599882451
2020-09,서울,서초구,3017816,612532770
2020-10,서울,서초구,3082206,623340204
2020-11,서울,서초구,3155319,616912976
2020-12,서울,서초구,3077263,624404749
2021-01,서울,서초구,2859943,585069789
2021-02,서울,서초구,2762040,567597649
2021-03,서울,서초구,3464592,692489698
2021-04,서울,서초구,3400487,669812374
2021-05,서울,서초구,3177205,629268786
2021-06,서울,서초구,3345371,658170439
2021-07,서울,서초구,3261199,659312837
2021-08,서울,서초구,3115587,633142048
2021-09,서울,서초구,3096563,615493960
2021-10,서울,서초구,3328868,639507515
2021-11,서울,서초구,3633568,674745418
2021-12,서울,서초구,3375886,657850944
2022-01,서울,서초구,3222278,619518789
2022-02,서울,서초구,3695900,623370838
2022-03,서울,서초구,5958633,818051684
2022-04,서울,서초구,4208528,723518384
2022-05,서울,서초구,3596406,694237914
2022-06,서울,서초구,3420886,665825138
2022-07,서울,서초구,4066712,709989032
2022-08,서울,서초구,4517848,779121965
2022-09,서울,서초구,4001799,720724724
2022-10,서울,서초구,3948368,698198759
2022-11,서울,서초구,4229912,742098354
2022-12,서울,서초구,4759961,790606091
2023-01,서울,서초구,4123240,720612251
2023-02,서울,서초구,3687400,683461168
2023-03,서울,서초구,4483259,797796020
2023-04,서울,서초구,4964258,783010546
2023-05,서울,서초구,5264583,841036671
2023-06,서울,서초구,4953528,857666458
2023-07,서울,서초구,5283516,861751400
2023-08,서울,서초구,5000453,862243132
2023-09,서울,서초구,4753107,786766835
2023-10,서울,서초구,5083417,852292953
2023-11,서울,서초구,5326743,895335460
2023-12,서울,서초구,5592976,891104288
2024-01,서울,서초구,5314852,921401091
2024-02,서울,서초구,4349247,785337139
2024-03,서울,서초구,4409978,806365197
2024-04,서울,서초구,4544309,828689953
2024-05,서울,서초구,4459978,854086514
2024-06,서울,서초구,4203311,800509506
2024-07,서울,서초구,4915850,876156719
2024-08,서울,서초구,4811711,828529504
2024-09,서울,서초구,4161839,759542483
2024-10,서울,서초구,4373469,799483154
2024-11,서울,서초구,4332709,789568832
2024-12,서울,서초구,5478516,902234376
2025-01,서울,서초구,5089673,835316554
2025-02,서울,서초구,3954616,753903006
2025-03,서울,서초구,4404662,817946676
2025-04,서울,서초구,4555016,854740869
2025-05,서울,서초구,4210253,807895805
2025-06,서울,서초구,4086962,803217787
2025-07,서울,서초구,4416995,860147943
2025-08,서울,서초구,4244748,819885816
2025-09,서울,서초구,4827357,919444656
2025-10,서울,서초구,4470948,815951334
2025-11,서울,서초구,5245724,861054413
2025-12,서울,서초구,4982925,919065860
2020-01,서울,성동구,2808652,505011415
2020-02,서울,성동구,2110769,427853330
2020-03,서울,성동구,2017363,441513480
2020-04,서울,성동구,1977586,455312528
2020-05,서울,성동구,2075495,468596261
2020-06,서울,성동구,2096892,480452508
2020-07,서울,성동구,2182119,495261339
2020-08,서울,성동구,1977761,453898866
2020-09,서울,성동구,2143223,494514898
2020-10,서울,성동구,1945770,420439356
2020-11,서울,성동구,2120982,471101014
2020-12,서울,성동구,2098445,493642622
2021-01,서울,성동구,1790488,408023251
2021-02,서울,성동구,1760738,401687271
2021-03,서울,성동구,2287270,519017539
2021-04,서울,성동구,2224402,486348633
2021-05,서울,성동구,2143182,474278462
2021-06,서울,성동구,2247185,511598683
2021-07,서울,성동구,2127887,494023865
2021-08,서울,성동구,2084619,486809327
2021-09,서울,성동구,2153248,487695437
2021-10,서울,성동구,2208276,484982525
2021-11,서울,성동구,2445687,508257234
2021-12,서울,성동구,2292410,505434448
2022-01,서울,성동구,2184790,475078064
2022-02,서울,성동구,2346657,463148563
2022-03,서울,성동구,3907331,607047307
2022-04,서울,성동구,2765459,536281627
2022-05,서울,성동구,2350809,507902509
2022-06,서울,성동구,2243263,504239537
2022-07,서울,성동구,2582358,524185567
2022-08,서울,성동구,2825356,543016831
2022-09,서울,성동구,2630265,539188485
2022-10,서울,성동구,2576232,520855069
2022-11,서울,성동구,2785576,544896820
2022-12,서울,성동구,3117002,580746550
2023-01,서울,성동구,2670636,520376226
2023-02,서울,성동구,2432526,504317183
2023-03,서울,성동구,2849977,583301392
2023-04,서울,성동구,3007424,561509334
2023-05,서울,성동구,3180478,580814032
2023-06,서울,성동구,2906809,572024364
2023-07,서울,성동구,3095237,563341175
2023-08,서울,성동구,2935202,556402096
2023-09,서울,성동구,2829329,521347931
2023-10,서울,성동구,3003017,569196289
2023-11,서울,성동구,3099471,566485812
2023-12,서울,성동구,3253920,572675225
2024-01,서울,성동구,3135624,591401665
2024-02,서울,성동구,2646272,510919967
2024-03,서울,성동구,2693881,530413138
2024-04,서울,성동구,2837894,560903152
2024-05,서울,성동구,2691056,535238412
2024-06,서울,성동구,2555506,514073682
2024-07,서울,성동구,2977351,576254540
2024-08,서울,성동구,2934130,538165475
2024-09,서울,성동구,2549946,507805638
2024-10,서울,성동구,2686783,535269050
2024-11,서울,성동구,2697007,519398482
2024-12,서울,성동구,3258574,592020538
2025-01,서울,성동구,3106457,555822961
2025-02,서울,성동구,2462766,500887983
2025-03,서울,성동구,2713334,545016189
2025-04,서울,성동구,2876757,579477013
2025-05,서울,성동구,2563803,519424709
2025-06,서울,성동구,2475025,527664945
2025-07,서울,성동구,2611800,555548093
2025-08,서울,성동구,2450276,514998275
2025-09,서울,성동구,2820583,581641902
2025-10,서울,성동구,2491264,503127520
2025-11,서울,성동구,2984565,553138749
2025-12,서울,성동구,2892987,576688904
2020-01,서울,성북구,3358761,560850682
2020-02,서울,성북구,2471812,451348697
2020-03,서울,성북구,2387722,476672935
2020-04,서울,성북구,2286863,468700487
2020-05,서울,성북구,2482240,502223734
2020-06,서울,성북구,2512308,516292499
2020-07,서울,성북구,2524702,522744700
2020-08,서울,성북구,2249727,461137489
2020-09,서울,성북구,2482977,506215421
2020-10,서울,성북구,2361930,475687809
2020-11,서울,성북구,2491343,496152859
2020-12,서울,성북구,2378451,490157690
2021-01,서울,성북구,2221454,466155942
2021-02,서울,성북구,2174213,454435615
2021-03,서울,성북구,2597959,518997706
2021-04,서울,성북구,2548579,498719467
2021-05,서울,성북구,2402670,473344116
2021-06,서울,성북구,2484592,494030066
2021-07,서울,성북구,2432246,492933778
2021-08,서울,성북구,2336976,473596678
2021-09,서울,성북구,2474971,496817057
2021-10,서울,성북구,2578336,496563540
2021-11,서울,성북구,2850934,516541488
2021-12,서울,성북구,2661149,507937210
2022-01,서울,성북구,2522609,487129146
2022-02,서울,성북구,2780348,471928814
2022-03,서울,성북구,4742615,646447091
2022-04,서울,성북구,3328006,545062383
2022-05,서울,성북구,2753739,525718908
2022-06,서울,성북구,2583902,500706082
2022-07,서울,성북구,3045395,533738838
2022-08,서울,성북구,3485383,580959541
2022-09,서울,성북구,3084736,539826117
2022-10,서울,성북구,3051117,533775014
2022-11,서울,성북구,3365504,574186167
2022-12,서울,성북구,3710990,610778448
2023-01,서울,성북구,3212769,578186474
2023-02,서울,성북구,2711421,516452418
2023-03,서울,성북구,3271070,584490261
2023-04,서울,성북구,3431345,563477466
2023-05,서울,성북구,3758398,604320919
2023-06,서울,성북구,3317282,574969527
2023-07,서울,성북구,3522919,569548648
2023-08,서울,성북구,3288837,560685158
2023-09,서울,성북구,3225783,534122863
2023-10,서울,성북구,3515069,581064810
2023-11,서울,성북구,3515296,584617228
2023-12,서울,성북구,3790063,597171658
2024-01,서울,성북구,3608122,621011723
2024-02,서울,성북구,3031329,533496773
2024-03,서울,성북구,3167097,569906111
2024-04,서울,성북구,3271336,576651748
2024-05,서울,성북구,3197583,568371191
2024-06,서울,성북구,2961704,537328559
2024-07,서울,성북구,3413199,601679298
2024-08,서울,성북구,3495794,595238631
2024-09,서울,성북구,3047330,559773028
2024-10,서울,성북구,3209069,593128135
2024-11,서울,성북구,3180583,580298686
2024-12,서울,성북구,3870241,644597465
2025-01,서울,성북구,3726500,608234423
2025-02,서울,성북구,2923882,560492920
2025-03,서울,성북구,3250402,607829826
2025-04,서울,성북구,3322898,616172259
2025-05,서울,성북구,3119083,591980668
2025-06,서울,성북구,2905803,574914306
2025-07,서울,성북구,3078988,610197445
2025-08,서울,성북구,2969181,577009555
2025-09,서울,성북구,3478420,648999827
2025-10,서울,성북구,3200686,593685993
2025-11,서울,성북구,3629600,607891814
2025-12,서울,성북구,3670557,649975754
2020-01,서울,송파구,5706913,905731178
2020-02,서울,송파구,4155921,722502172
2020-03,서울,송파구,3833062,726645756
2020-04,서울,송파구,3603562,710587916
2020-05,서울,송파구,4043887,794300490
2020-06,서울,송파구,4070886,810265974
2020-07,서울,송파구,4175357,834973800
2020-08,서울,송파구,3695683,728542283
2020-09,서울,송파구,3895981,770394963
2020-10,서울,송파구,3887691,762033722
2020-11,서울,송파구,4057416,785916152
2020-12,서울,송파구,3912126,807482869
2021-01,서울,송파구,3522995,725197688
2021-02,서울,송파구,3429804,700500093
2021-03,서울,송파구,4220342,841625776
2021-04,서울,송파구,4347437,856239408
2021-05,서울,송파구,4121427,816062834
2021-06,서울,송파구,4260508,861183546
2021-07,서울,송파구,4023869,840568820
2021-08,서울,송파구,3908901,833833648
2021-09,서울,송파구,4099374,827303116
2021-10,서울,송파구,4346710,844648327
2021-11,서울,송파구,4828687,906236304
2021-12,서울,송파구,4425373,882615011
2022-01,서울,송파구,4180449,819542760
2022-02,서울,송파구,5040567,839915308
2022-03,서울,송파구,9051276,1186240395
2022-04,서울,송파구,5882438,975745265
2022-05,서울,송파구,4762626,935671378
2022-06,서울,송파구,4506858,899982207
2022-07,서울,송파구,5592645,980628705
2022-08,서울,송파구,6189701,1050004127
2022-09,서울,송파구,5508262,961522046
2022-10,서울,송파구,5415495,950285095
2022-11,서울,송파구,5746798,1017124419
2022-12,서울,송파구,6568864,1079946975
2023-01,서울,송파구,5518873,977616927
2023-02,서울,송파구,4823505,914742777
2023-03,서울,송파구,5754551,1043520122
2023-04,서울,송파구,6476494,1068392090
2023-05,서울,송파구,6884351,1114591588
2023-06,서울,송파구,6204160,1040231007
2023-07,서울,송파구,6651480,1065632837
2023-08,서울,송파구,6249806,1075376558
2023-09,서울,송파구,6067841,991646266
2023-10,서울,송파구,6604563,1110270725
2023-11,서울,송파구,6656531,1115680934
2023-12,서울,송파구,7113564,1111838933
2024-01,서울,송파구,6550124,1135681038
2024-02,서울,송파구,5553488,988853066
2024-03,서울,송파구,5442152,967630805
2024-04,서울,송파구,5813261,1028953667
2024-05,서울,송파구,5707618,1007271085
2024-06,서울,송파구,5295322,928497116
2024-07,서울,송파구,6216499,1055544520
2024-08,서울,송파구,6333809,1053390519
2024-09,서울,송파구,5303726,921178127
2024-10,서울,송파구,5580253,1004929852
2024-11,서울,송파구,5595997,997714451
2024-12,서울,송파구,6925285,1107730777
2025-01,서울,송파구,6583115,1058071585
2025-02,서울,송파구,5153618,958941591
2025-03,서울,송파구,5769007,1039893459
2025-04,서울,송파구,6170402,1117549301
2025-05,서울,송파구,5560385,1031122232
2025-06,서울,송파구,5133431,968954261
2025-07,서울,송파구,5519761,1037728063
2025-08,서울,송파구,5261542,989347719
2025-09,서울,송파구,6172240,1135639236
2025-10,서울,송파구,5600977,1001267720
2025-11,서울,송파구,6684158,1069038507
2025-12,서울,송파구,6317015,1116499960
2020-01,서울,양천구,3300908,498284841
2020-02,서울,양천구,2411214,401441487
2020-03,서울,양천구,2122241,385110774
2020-04,서울,양천구,2018643,384830536
2020-05,서울,양천구,2191768,412452930
2020-06,서울,양천구,2235068,425222261
2020-07,서울,양천구,2285603,436213408
2020-08,서울,양천구,2088954,393414653
2020-09,서울,양천구,2228722,418727149
2020-10,서울,양천구,2177098,401407798
2020-11,서울,양천구,2266657,411632161
2020-12,서울,양천구,2171921,412410595
2021-01,서울,양천구,1961081,380284389
2021-02,서울,양천구,1942381,375066211
2021-03,서울,양천구,2427106,457228769
2021-04,서울,양천구,2478352,459920372
2021-05,서울,양천구,2333066,432685328
2021-06,서울,양천구,2388736,447968699
2021-07,서울,양천구,2305318,450109613
2021-08,서울,양천구,2182969,426073520
2021-09,서울,양천구,2309358,438554312
2021-10,서울,양천구,2462242,450791578
2021-11,서울,양천구,2796832,479962695
2021-12,서울,양천구,2502357,456311400
2022-01,서울,양천구,2388341,439652822
2022-02,서울,양천구,2836448,449161324
2022-03,서울,양천구,5220424,642099198
2022-04,서울,양천구,3539583,548225139
2022-05,서울,양천구,2761551,504023956
2022-06,서울,양천구,2575955,483043634
2022-07,서울,양천구,3110391,522023032
2022-08,서울,양천구,3500933,555587782
2022-09,서울,양천구,3140309,523025994
2022-10,서울,양천구,3173173,524756021
2022-11,서울,양천구,3410671,552607771
2022-12,서울,양천구,3872186,597990937
2023-01,서울,양천구,3252939,536932388
2023-02,서울,양천구,2848149,515353098
2023-03,서울,양천구,3397356,605258705
2023-04,서울,양천구,3731164,597025794
2023-05,서울,양천구,4017768,643139781
2023-06,서울,양천구,3669984,615259078
2023-07,서울,양천구,3888633,598445399
2023-08,서울,양천구,3686670,599133445
2023-09,서울,양천구,3672238,578559256
2023-10,서울,양천구,3772265,611581976
2023-11,서울,양천구,3927308,629603275
2023-12,서울,양천구,4315594,665138672
2024-01,서울,양천구,3964528,668059486
2024-02,서울,양천구,3377257,586153865
2024-03,서울,양천구,3497727,610655928
2024-04,서울,양천구,3520116,619251234
2024-05,서울,양천구,3579597,645145743
2024-06,서울,양천구,3296532,600472158
2024-07,서울,양천구,3903439,664092098
2024-08,서울,양천구,3992475,663265720
2024-09,서울,양천구,3403104,605617973
2024-10,서울,양천구,3561037,654145437
2024-11,서울,양천구,3467292,627863634
2024-12,서울,양천구,4367116,709208069
2025-01,서울,양천구,4146773,675072566
2025-02,서울,양천구,3118984,594787223
2025-03,서울,양천구,3525339,639845036
2025-04,서울,양천구,3666968,669290798
2025-05,서울,양천구,3402915,643345703
2025-06,서울,양천구,3081123,598457340
2025-07,서울,양천구,3342380,631630113
2025-08,서울,양천구,3234203,617101276
2025-09,서울,양천구,3651531,682409197
2025-10,서울,양천구,3267174,584703506
2025-11,서울,양천구,4155695,659779302
2025-12,서울,양천구,3860170,683170148
2020-01,서울,영등포구,4493911,726554770
2020-02,서울,영등포구,3317613,592299129
2020-03,서울,영등포구,3114651,584237512
2020-04,서울,영등포구,3094947,610533168
2020-05,서울,영등포구,3315017,643301402
2020-06,서울,영등포구,3405084,673017482
2020-07,서울,영등포구,3466481,684198749
2020-08,서울,영등포구,3218926,642834770
2020-09,서울,영등포구,3402295,675602830
2020-10,서울,영등포구,3292575,640237325
2020-11,서울,영등포구,3342737,646776929
2020-12,서울,영등포구,3337226,658763620
2021-01,서울,영등포구,3026913,602192987
2021-02,서울,영등포구,2923336,585602880
2021-03,서울,영등포구,3661615,706172384
2021-04,서울,영등포구,3605881,698768110
2021-05,서울,영등포구,3454129,672926393
2021-06,서울,영등포구,3501683,688795091
2021-07,서울,영등포구,3446997,696353808
2021-08,서울,영등포구,3344596,676971824
2021-09,서울,영등포구,3444659,676203331
2021-10,서울,영등포구,3560702,668720849
2021-11,서울,영등포구,3808140,693489002
2021-12,서울,영등포구,3625599,691842150
2022-01,서울,영등포구,3409800,645558127
2022-02,서울,영등포구,3660008,642324007
2022-03,서울,영등포구,6186955,871029015
2022-04,서울,영등포구,4625883,777579577
2022-05,서울,영등포구,3826589,741431163
2022-06,서울,영등포구,3608031,707907955
2022-07,서울,영등포구,4236740,764964443
2022-08,서울,영등포구,4657729,804038876
2022-09,서울,영등포구,4199057,754681244
2022-10,서울,영등포구,4106866,742732440
2022-11,서울,영등포구,4401145,780100205
2022-12,서울,영등포구,4886413,830582780
2023-01,서울,영등포구,4278372,762094784
2023-02,서울,영등포구,3815778,726761706
2023-03,서울,영등포구,4462861,822793309
2023-04,서울,영등포구,4769210,806390440
2023-05,서울,영등포구,5130667,861536073
2023-06,서울,영등포구,4598567,817456876
2023-07,서울,영등포구,4872729,800115780
2023-08,서울,영등포구,4725035,825645614
2023-09,서울,영등포구,4427260,750358014
2023-10,서울,영등포구,4807750,829068797
2023-11,서울,영등포구,4990543,848355310
2023-12,서울,영등포구,5298235,858100337
2024-01,서울,영등포구,5069459,893692653
2024-02,서울,영등포구,4297212,788378724
2024-03,서울,영등포구,4316369,793136050
2024-04,서울,영등포구,4502897,849018255
2024-05,서울,영등포구,4518605,858742593
2024-06,서울,영등포구,4080269,770945866
2024-07,서울,영등포구,4731396,858152074
2024-08,서울,영등포구,4839729,862468300
2024-09,서울,영등포구,4077796,768001494
2024-10,서울,영등포구,4323516,827354636
2024-11,서울,영등포구,4297857,802509103
2024-12,서울,영등포구,5222702,896596499
2025-01,서울,영등포구,4979747,840155655
2025-02,서울,영등포구,3894538,768124322
2025-03,서울,영등포구,4268453,813855700
2025-04,서울,영등포구,4459412,863101921
2025-05,서울,영등포구,4162661,821009738
2025-06,서울,영등포구,3840723,769064753
2025-07,서울,영등포구,4100134,814107606
2025-08,서울,영등포구,3988187,785921485
2025-09,서울,영등포구,4508625,884395478
2025-10,서울,영등포구,4104298,786094542
2025-11,서울,영등포구,4841576,829744470
2025-12,서울,영등포구,4646993,860744203
2020-01,서울,용산구,1538524,238369332
2020-02,서울,용산구,1100797,194529269
2020-03,서울,용산구,998822,187254010
2020-04,서울,용산구,964885,192375151
2020-05,서울,용산구,1000841,192434908
2020-06,서울,용산구,1055724,210308407
2020-07,서울,용산구,1075635,216513813
2020-08,서울,용산구,964358,191098991
2020-09,서울,용산구,1058259,213458507
2020-10,서울,용산구,1001711,198254151
2020-11,서울,용산구,1044152,202606462
2020-12,서울,용산구,1018354,206728678
2021-01,서울,용산구,903798,182952892
2021-02,서울,용산구,816816,160607299
2021-03,서울,용산구,1078900,211157908
2021-04,서울,용산구,1098469,211721280
2021-05,서울,용산구,1030009,202931622
2021-06,서울,용산구,1097797,220370374
2021-07,서울,용산구,1046379,218457492
2021-08,서울,용산구,1017216,210874508
2021-09,서울,용산구,1051843,208342679
2021-10,서울,용산구,1122796,213419085
2021-11,서울,용산구,1231210,224344528
2021-12,서울,용산구,1174682,227472614
2022-01,서울,용산구,1100664,212110490
2022-02,서울,용산구,1223753,211840623
2022-03,서울,용산구,2216029,303820799
2022-04,서울,용산구,1508914,250597930
2022-05,서울,용산구,1234873,236494630
2022-06,서울,용산구,1170875,230137289
2022-07,서울,용산구,1424309,250673562
2022-08,서울,용산구,1592453,263033276
2022-09,서울,용산구,1366795,242333428
2022-10,서울,용산구,1403091,243854096
2022-11,서울,용산구,1505053,250685762
2022-12,서울,용산구,1663275,275608163
2023-01,서울,용산구,1408611,249064938
2023-02,서울,용산구,1256689,234238383
2023-03,서울,용산구,1521520,271463990
2023-04,서울,용산구,1674899,268214677
2023-05,서울,용산구,1806874,288180147
2023-06,서울,용산구,1578869,269129301
2023-07,서울,용산구,1691345,273658193
2023-08,서울,용산구,1597630,267466027
2023-09,서울,용산구,1521516,252606133
2023-10,서울,용산구,1656612,276164617
2023-11,서울,용산구,1776255,285783424
2023-12,서울,용산구,1876378,288512431
2024-01,서울,용산구,1693462,283248116
2024-02,서울,용산구,1447918,255811053
2024-03,서울,용산구,1472341,262478258
2024-04,서울,용산구,1552438,276335370
2024-05,서울,용산구,1473679,261172794
2024-06,서울,용산구,1361942,242854323
2024-07,서울,용산구,1587167,271303206
2024-08,서울,용산구,1635802,269956305
2024-09,서울,용산구,1396202,246830549
2024-10,서울,용산구,1469824,264880275
2024-11,서울,용산구,1438426,256885032
2024-12,서울,용산구,1781153,285578155
2025-01,서울,용산구,1744975,275997526
2025-02,서울,용산구,1356640,250125606
2025-03,서울,용산구,1462815,264819230
2025-04,서울,용산구,1531966,270820073
2025-05,서울,용산구,1408057,258790972
2025-06,서울,용산구,1297870,245503845
2025-07,서울,용산구,1412596,267172194
2025-08,서울,용산구,1325800,251277250
2025-09,서울,용산구,1523869,276666289
2025-10,서울,용산구,1414775,253586282
2025-11,서울,용산구,1682473,272802514
2025-12,서울,용산구,1628040,279287600
2020-01,서울,은평구,3924759,589741185
2020-02,서울,은평구,2910131,469974256
2020-03,서울,은평구,2605873,452876922
2020-04,서울,은평구,2579369,471899618
2020-05,서울,은평구,2788156,504897390
2020-06,서울,은평구,2981561,951698143
2020-07,서울,은평구,2892963,532683176
2020-08,서울,은평구,2686338,493516717
2020-09,서울,은평구,2892109,528697819
2020-10,서울,은평구,2784645,504234968
2020-11,서울,은평구,2880923,513164569
2020-12,서울,은평구,2869647,524696615
2021-01,서울,은평구,2577380,477305231
2021-02,서울,은평구,2552685,477462982
2021-03,서울,은평구,3061813,553453734
2021-04,서울,은평구,3055961,547280671
2021-05,서울,은평구,2933489,526024711
2021-06,서울,은평구,2991361,544332462
2021-07,서울,은평구,2924412,544100715
2021-08,서울,은평구,2904125,541436382
2021-09,서울,은평구,2984487,544084910
2021-10,서울,은평구,3134294,549397176
2021-11,서울,은평구,3368996,577965120
2021-12,서울,은평구,3183637,571994038
2022-01,서울,은평구,2975478,538654471
2022-02,서울,은평구,3264495,537741799
2022-03,서울,은평구,5833817,763285449
2022-04,서울,은평구,4211620,665599118
2022-05,서울,은평구,3493201,635426527
2022-06,서울,은평구,3180922,583573808
2022-07,서울,은평구,3726051,626157678
2022-08,서울,은평구,4245117,684333391
2022-09,서울,은평구,3788921,625904224
2022-10,서울,은평구,3739689,616539260
2022-11,서울,은평구,4048407,663256103
2022-12,서울,은평구,4487249,709430296
2023-01,서울,은평구,3800987,637447718
2023-02,서울,은평구,3368490,588823647
2023-03,서울,은평구,3927453,665347318
2023-04,서울,은평구,4283235,682570454
2023-05,서울,은평구,4661928,728440816
2023-06,서울,은평구,4107436,676332378
2023-07,서울,은평구,4374116,688506804
2023-08,서울,은평구,4255213,687267825
2023-09,서울,은평구,4127699,649479523
2023-10,서울,은평구,4410651,705100398
2023-11,서울,은평구,4476425,710005773
2023-12,서울,은평구,4797791,727183278
2024-01,서울,은평구,4558477,748861913
2024-02,서울,은평구,3849654,647145914
2024-03,서울,은평구,3955699,672056738
2024-04,서울,은평구,4178017,713573484
2024-05,서울,은평구,3982053,680567661
2024-06,서울,은평구,3741007,641198716
2024-07,서울,은평구,4361682,728990503
2024-08,서울,은평구,4422329,699873244
2024-09,서울,은평구,3819413,645687546
2024-10,서울,은평구,3993510,694692700
2024-11,서울,은평구,3939589,678748717
2024-12,서울,은평구,4769634,766331179
2025-01,서울,은평구,4602744,725927852
2025-02,서울,은평구,3707626,661631541
2025-03,서울,은평구,3972692,694497326
2025-04,서울,은평구,4192178,744035761
2025-05,서울,은평구,3882941,699294865
2025-06,서울,은평구,3541483,662061341
2025-07,서울,은평구,3836922,710477079
2025-08,서울,은평구,3745351,688540786
2025-09,서울,은평구,4258336,777390263
2025-10,서울,은평구,3894935,696705010
2025-11,서울,은평구,4419039,729232401
2025-12,서울,은평구,4373365,766396293
2020-01,서울,종로구,3307883,692734692
2020-02,서울,종로구,2521396,576409440
2020-03,서울,종로구,2435029,582322931
2020-04,서울,종로구,2503688,625683533
2020-05,서울,종로구,2518546,626738187
2020-06,서울,종로구,2759909,687930677
2020-07,서울,종로구,2731771,685430330
2020-08,서울,종로구,2442128,620697097
2020-09,서울,종로구,2611380,656659835
2020-10,서울,종로구,2554784,637107351
2020-11,서울,종로구,2671646,668334026
2020-12,서울,종로구,2609765,658676100
2021-01,서울,종로구,2520911,632920474
2021-02,서울,종로구,2421133,618869546
2021-03,서울,종로구,2810574,707516932
2021-04,서울,종로구,2783280,697305658
2021-05,서울,종로구,2595667,646897200
2021-06,서울,종로구,2841744,717833950
2021-07,서울,종로구,2787339,710860640
2021-08,서울,종로구,2785297,713266819
2021-09,서울,종로구,2701958,687336120
2021-10,서울,종로구,2795290,694706846
2021-11,서울,종로구,3075437,771857725
2021-12,서울,종로구,2907467,732483594
2022-01,서울,종로구,2810887,693112580
2022-02,서울,종로구,2723054,638935563
2022-03,서울,종로구,3778132,772947164
2022-04,서울,종로구,3107132,725616877
2022-05,서울,종로구,3023954,777149123
2022-06,서울,종로구,2773173,730284112
2022-07,서울,종로구,3073931,753436237
2022-08,서울,종로구,3327429,786996135
2022-09,서울,종로구,3047940,748327554
2022-10,서울,종로구,3022408,715832455
2022-11,서울,종로구,3367878,784094836
2022-12,서울,종로구,3453798,782975085
2023-01,서울,종로구,3187066,740264555
2023-02,서울,종로구,3036746,744085112
2023-03,서울,종로구,3403290,801773832
2023-04,서울,종로구,3388937,761129714
2023-05,서울,종로구,3696117,832502427
2023-06,서울,종로구,3406802,804476549
2023-07,서울,종로구,3489069,786941779
2023-08,서울,종로구,3476766,804658713
2023-09,서울,종로구,3216579,732619593
2023-10,서울,종로구,3518658,784235164
2023-11,서울,종로구,3715127,822938095
2023-12,서울,종로구,3654856,762345762
2024-01,서울,종로구,3848585,839742788
2024-02,서울,종로구,3092495,718159152
2024-03,서울,종로구,3058684,721621421
2024-04,서울,종로구,3191757,745704786
2024-05,서울,종로구,3140734,747041579
2024-06,서울,종로구,2835858,674179866
2024-07,서울,종로구,3408946,802178852
2024-08,서울,종로구,3259468,728002753
2024-09,서울,종로구,2915698,691422891
2024-10,서울,종로구,3083476,728609416
2024-11,서울,종로구,3076976,731297437
2024-12,서울,종로구,3480519,766269977
2025-01,서울,종로구,3350762,721743323
2025-02,서울,종로구,2980249,721248797
2025-03,서울,종로구,3173201,759429696
2025-04,서울,종로구,3363793,811913606
2025-05,서울,종로구,3018648,739282847
2025-06,서울,종로구,2950455,745251241
2025-07,서울,종로구,3275962,837108404
2025-08,서울,종로구,2960744,742753659
2025-09,서울,종로구,3441907,857874008
2025-10,서울,종로구,2903768,710729808
2025-11,서울,종로구,3260548,766711840
2025-12,서울,종로구,3421737,829856286
2020-01,서울,중구,2076724,351186112
2020-02,서울,중구,1490114,272731049
2020-03,서울,중구,1316400,260294200
2020-04,서울,중구,1302227,267101182
2020-05,서울,중구,1338697,278455832
2020-06,서울,중구,1383240,287679529
2020-07,서울,중구,1448622,303794936
2020-08,서울,중구,1282449,271147957
2020-09,서울,중구,1387494,290233116
2020-10,서울,중구,1321357,273331737
2020-11,서울,중구,1367223,278291699
2020-12,서울,중구,1365868,281500699
2021-01,서울,중구,1171033,246201796
2021-02,서울,중구,1181698,249637975
2021-03,서울,중구,1396007,285634646
2021-04,서울,중구,1411647,289185660
2021-05,서울,중구,1366410,281145136
2021-06,서울,중구,1399644,292558757
2021-07,서울,중구,1358442,290194343
2021-08,서울,중구,1308402,277150804
2021-09,서울,중구,1328837,275542878
2021-10,서울,중구,1346650,276625685
2021-11,서울,중구,1529514,301044748
2021-12,서울,중구,1454333,291834107
2022-01,서울,중구,1346586,271504239
2022-02,서울,중구,1443585,264666093
2022-03,서울,중구,2430839,364139948
2022-04,서울,중구,1758658,312457076
2022-05,서울,중구,1514487,298580143
2022-06,서울,중구,1409340,284567992
2022-07,서울,중구,1655927,307988376
2022-08,서울,중구,1834489,325915383
2022-09,서울,중구,1662089,312524225
2022-10,서울,중구,1644751,301057949
2022-11,서울,중구,1857955,329979396
2022-12,서울,중구,2075111,357730315
2023-01,서울,중구,1775295,317776591
2023-02,서울,중구,1587089,300193684
2023-03,서울,중구,1875429,346024630
2023-04,서울,중구,1996824,343210724
2023-05,서울,중구,2096731,361777637
2023-06,서울,중구,1949572,355144517
2023-07,서울,중구,1979804,345977511
2023-08,서울,중구,1922626,352065467
2023-09,서울,중구,1767801,300214564
2023-10,서울,중구,1954200,329989428
2023-11,서울,중구,2124988,352471246
2023-12,서울,중구,2303734,372966057
2024-01,서울,중구,2225016,374156958
2024-02,서울,중구,1841596,324427852
2024-03,서울,중구,1806150,324744481
2024-04,서울,중구,1923905,345572430
2024-05,서울,중구,1825502,330724267
2024-06,서울,중구,1633938,305016264
2024-07,서울,중구,1938334,347657812
2024-08,서울,중구,1988574,345510857
2024-09,서울,중구,1629692,302744040
2024-10,서울,중구,1763833,323665887
2024-11,서울,중구,1832281,325365919
2024-12,서울,중구,2233234,365851227
2025-01,서울,중구,2179247,352981551
2025-02,서울,중구,1700705,306297895
2025-03,서울,중구,1805443,324069038
2025-04,서울,중구,1948804,349089140
2025-05,서울,중구,1722424,318354173
2025-06,서울,중구,1557744,295170575
2025-07,서울,중구,1685691,322784369
2025-08,서울,중구,1585791,292059833
2025-09,서울,중구,1863223,346971324
2025-10,서울,중구,1703587,310410685
2025-11,서울,중구,1940351,319913974
2025-12,서울,중구,2003109,349231267
2020-01,서울,중랑구,3310807,516222683
2020-02,서울,중랑구,2504072,424819927
2020-03,서울,중랑구,2373717,432096538
2020-04,서울,중랑구,2276530,429634191
2020-05,서울,중랑구,2426485,450232607
2020-06,서울,중랑구,2467217,465717921
2020-07,서울,중랑구,2474877,470939472
2020-08,서울,중랑구,2278021,437549934
2020-09,서울,중랑구,2499401,477774759
2020-10,서울,중랑구,2336047,443944051
2020-11,서울,중랑구,2419372,448854724
2020-12,서울,중랑구,2430542,462210010
2021-01,서울,중랑구,2191890,427978619
2021-02,서울,중랑구,2131878,411651824
2021-03,서울,중랑구,2603289,498091083
2021-04,서울,중랑구,2608928,495509562
2021-05,서울,중랑구,2517946,481517204
2021-06,서울,중랑구,2575003,492152088
2021-07,서울,중랑구,2522978,494124441
2021-08,서울,중랑구,2466759,480073343
2021-09,서울,중랑구,2517492,482936110
2021-10,서울,중랑구,2631550,490819643
2021-11,서울,중랑구,2839447,506367309
2021-12,서울,중랑구,2695839,498816103
2022-01,서울,중랑구,2532459,467477455
2022-02,서울,중랑구,2782553,458220772
2022-03,서울,중랑구,4865421,638159336
2022-04,서울,중랑구,3483135,560226672
2022-05,서울,중랑구,2821824,525857317
2022-06,서울,중랑구,2677766,505168292
2022-07,서울,중랑구,3098723,541229321
2022-08,서울,중랑구,3563252,584214916
2022-09,서울,중랑구,3219871,549122110
2022-10,서울,중랑구,3160209,543982265
2022-11,서울,중랑구,3410236,567279245
2022-12,서울,중랑구,3705661,585059754
2023-01,서울,중랑구,3256066,555233824
2023-02,서울,중랑구,2884475,523885527
2023-03,서울,중랑구,3374113,595648373
2023-04,서울,중랑구,3518626,582643695
2023-05,서울,중랑구,3809585,620435466
2023-06,서울,중랑구,3475408,594129947
2023-07,서울,중랑구,3645955,587016319
2023-08,서울,중랑구,3522828,589107757
2023-09,서울,중랑구,3433009,562057904
2023-10,서울,중랑구,3644882,606630828
2023-11,서울,중랑구,3771648,610758266
2023-12,서울,중랑구,3962135,614101684
2024-01,서울,중랑구,3744827,627311352
2024-02,서울,중랑구,3212510,550623280
2024-03,서울,중랑구,3348080,587154335
2024-04,서울,중랑구,3493090,615020920
2024-05,서울,중랑구,3470787,611648160
2024-06,서울,중랑구,3152325,566553156
2024-07,서울,중랑구,3576498,616040240
2024-08,서울,중랑구,3679244,617991366
2024-09,서울,중랑구,3191987,562065987
2024-10,서울,중랑구,3326998,596852042
2024-11,서울,중랑구,3373279,588045866
2024-12,서울,중랑구,3952876,632149234
2025-01,서울,중랑구,3873814,609033001
2025-02,서울,중랑구,3124890,561621519
2025-03,서울,중랑구,3305683,586176839
2025-04,서울,중랑구,3448576,614298418
2025-05,서울,중랑구,3265172,591829860
2025-06,서울,중랑구,3051920,567042275
2025-07,서울,중랑구,3211441,595037897
2025-08,서울,중랑구,3115700,566689976
2025-09,서울,중랑구,3535477,632397159
2025-10,서울,중랑구,3312405,579999875
2025-11,서울,중랑구,3714941,602099398
2025-12,서울,중랑구,3576185,630836630
